oxrep_location_id,country,site,province,location_name,longitude,latitude,construction_after,construction_before,abandonment_after,abandonment_before,n_presses,building_type,description,history,references,finds_UNRELIABLE_contains_shipwreck_text,n_press_objects_on_record_page,record_url,page_scraped,product_from_text,coord_flag,product_regional_presumption,dated,active_AD200_certain,active_AD200_plausible
334,Algeria,Bir Sgaoun,Africa Proconsularis,none,8.34805555,35.2047222,,,,,6,Farm,,Abandonment: before 999 Construction: before 999,"Brun 2004, 220-223; ina.tamu.edu/fieldprojects02.htm (2002)",,6,https://oxrep.classics.ox.ac.uk/databases/olive_oil_and_wine_presses_database/records/334/,True,unspecified,,"oil (regional presumption, NOT in source)",False,,
335,Algeria,Bir Sgauon,Africa Proconsularis,Temple to Saturn,8.34805555,35.2308333,,,,,2,Farm,,Abandonment: before 999 Construction: before 999,"Brun 2004, 220-223; www.blackwell-synergy.com/doi/full/10.1111/j.1095-9270.2005.00080.x ; A. Gaur etal, IJNA 35 (2006), 117-127.",Hull fragments,2,https://oxrep.classics.ox.ac.uk/databases/olive_oil_and_wine_presses_database/records/335/,True,unspecified,,"oil (regional presumption, NOT in source)",False,,
348,Algeria,Theveste,Africa Proconsularis,Tebessa Khalia,8.11666666,35.3997222,,,,,6,Farm,,Abandonment: before 999 Construction: before 999,"; C. Weitmeyer and H. Dohler, IJNA 38 (2009), 254-280",,6,https://oxrep.classics.ox.ac.uk/databases/olive_oil_and_wine_presses_database/records/348/,True,unspecified,,"oil (regional presumption, NOT in source)",False,,
353,Algeria,Azeffoun,Mauretania Caesarensis,none,4.4225,36.8938888,,,,,5,Farm,,Abandonment: before 999 Construction: before 999,"Brun 2004, 238-239; ADelt 50, 849 ; AR 47 (2000-01), 111.",,5,https://oxrep.classics.ox.ac.uk/databases/olive_oil_and_wine_presses_database/records/353/,True,unspecified,,"oil (regional presumption, NOT in source)",False,,
349,Algeria,Kherbet Agoub,Mauretania Caesarensis,none,9.59472222,35.6694444,100.0,300.0,450.0,550.0,21,Farm,,Construction: AD 100 - 300 Abandonment: AD 450 - 550 Excavation: AD 1937 - 1937,"Brun 2004, 233-237; G. Touchais, BCH 109 (1985), 831; Parker (1992), 62.",,21,https://oxrep.classics.ox.ac.uk/databases/olive_oil_and_wine_presses_database/records/349/,True,unspecified,,"oil (regional presumption, NOT in source)",True,0.0,1.0
352,Algeria,Kherbet Er-R'ihba,Mauretania Caesarensis,none,5.1,35.7833333,,,,,2,Farm,,Abandonment: before 999 Construction: before 999,"Brun 2004, 238; G. Touchais, BCH 109 (1985), 831; Parker (1992), 455.",,2,https://oxrep.classics.ox.ac.uk/databases/olive_oil_and_wine_presses_database/records/352/,True,unspecified,,"oil (regional presumption, NOT in source)",False,,
2339,Algeria,Kherbet Er-R'ihba,Mauretania Caesarensis,none,5.432968,35.963823,,,,,2,Farm,,Abandonment: before 999 Construction: before 999,"Brun 2004, 238",,2,https://oxrep.classics.ox.ac.uk/databases/olive_oil_and_wine_presses_database/records/2339/,True,unspecified,,"oil (regional presumption, NOT in source)",False,,
356,Algeria,Nador,Mauretania Caesarensis,none,-2.93333333,35.1666666,,,,,2,Farm,,Abandonment: before 999 Construction: before 999,"; ADelt 50, 855; AR 47 (2000-01), 121. Ancient wreck reported (?)",,2,https://oxrep.classics.ox.ac.uk/databases/olive_oil_and_wine_presses_database/records/356/,True,unspecified,,"oil (regional presumption, NOT in source)",False,,
350,Algeria,Perigotville,Mauretania Caesarensis,El Haïtane,5.495302,36.378438,,,,,2,Farm,,Abandonment: before 999 Construction: before 999,"Camps-Fabrer 1957Camps-Fabrer 1953, 60-63; R. Garnett and J. Boardman, BSA 56 (1961), 104-05; F. Dumas, Trente Siècles sous La Mer (1972), 148; Parker (1992), 553.",,2,https://oxrep.classics.ox.ac.uk/databases/olive_oil_and_wine_presses_database/records/350/,True,unspecified,,"oil (regional presumption, NOT in source)",False,,
366,Algeria,Perigotville,Mauretania Caesarensis,Kherba,5.502041,36.362882,,,,,8,Farm,,Abandonment: before 999 Construction: before 999,"Camps-Fabrer 1957, 43-45Brun 2004, 238; M. Jurisic, Ancient Shipwrecks of the Adriatic (2000), no. 9.",,8,https://oxrep.classics.ox.ac.uk/databases/olive_oil_and_wine_presses_database/records/366/,True,unspecified,,"oil (regional presumption, NOT in source)",False,,
355,Algeria,Tipasa,Mauretania Caesarensis,none,2.44027777,36.5933333,,,,,2,Farm,,Abandonment: before 999 Construction: before 999,"Brun 2004, 240",,2,https://oxrep.classics.ox.ac.uk/databases/olive_oil_and_wine_presses_database/records/355/,True,unspecified,,"oil (regional presumption, NOT in source)",False,,
365,Algeria,Tnourist,Mauretania Caesarensis,none,6.03333333,35.2833333,,,,,4,Farm,,Abandonment: before 999 Construction: before 999,"; Unpublished, Parker (1992), 1016.",,4,https://oxrep.classics.ox.ac.uk/databases/olive_oil_and_wine_presses_database/records/365/,True,unspecified,,"oil (regional presumption, NOT in source)",False,,
314,Croatia,Hvar,Dalmatia,Dol (Kupinovik),16.619,43.173,,,,,2,Farm,,Abandonment: before 999 Construction: before 999,"; Summary reports, R. Marx, IJNA 3 (1974), 332; Parker (1992), 1188.",,2,https://oxrep.classics.ox.ac.uk/databases/olive_oil_and_wine_presses_database/records/314/,True,unspecified,,unknown,False,,
311,Croatia,Makarska,Dalmatia,Sveti Petar,17.01194444,43.2933333,,,,,2,Farm,,Abandonment: before 999 Construction: before 999,"Matijasic 1993; AR 38 (1991-92), 33.",,2,https://oxrep.classics.ox.ac.uk/databases/olive_oil_and_wine_presses_database/records/311/,True,unspecified,,unknown,False,,
313,Croatia,Morgojelo,Dalmatia,none,17.71416667,43.1122222,400.0,600.0,,,2,Farm,,Abandonment: before 999 Construction: AD 400 - 600,"Bojanovski 1969Brun 2004, 63-64; H. Frost, Annales Archéologiques de Syrie 14 (1964), 67-74; Parker (1992), 60.",,2,https://oxrep.classics.ox.ac.uk/databases/olive_oil_and_wine_presses_database/records/313/,True,unspecified,,unknown,True,0.0,0.0
312,Croatia,Muline,Dalmatia,none,15.07055556,44.1327777,,,,,2,Farm,,Abandonment: before 999 Construction: before 999,"Matijasic 1993Ilakovac 1998; AR 47 (2000-01), 43.",,2,https://oxrep.classics.ox.ac.uk/databases/olive_oil_and_wine_presses_database/records/312/,True,unspecified,,unknown,False,,
309,Croatia,Bale,Italia,Campo Sorugo,13.78554,45.038838,,,,,2,Farm,,Abandonment: before 999 Construction: before 999,"Franceschini 1998, 538Matijasic 1994, 67Mirabella 1938, 237; H Hoffman, Ten Centuries that Shaped the West: Greek and Roman Art in the Texas Collections (1971), nos. 206-7; Parker (1992), 982.",,2,https://oxrep.classics.ox.ac.uk/databases/olive_oil_and_wine_presses_database/records/309/,True,unspecified,,unknown,False,,
310,Croatia,Bale,Italia,Valencan,13.78554,45.038838,,,,,2,Farm,,Abandonment: before 999 Construction: before 999,"Schiavuzzi 1908, 100; F. Frost, Archaeologia 25 (1968), 40-3; Parker (1992), 54.",Possibly a 30m ship?,2,https://oxrep.classics.ox.ac.uk/databases/olive_oil_and_wine_presses_database/records/310/,True,unspecified,,unknown,False,,
303,Croatia,Banjole,Italia,Olmo Grande,13.86478,44.824249,100.0,300.0,100.0,300.0,2,Farm,,Construction: AD 100 - 300 Abandonment: AD 100 - 300,"Franceschini 1998, 522Matijasic 1982, 53-54; P. Throckmorton and J. Bullitt, Expedition 5 (1963), 16-23; Parker (1992), 693.",,2,https://oxrep.classics.ox.ac.uk/databases/olive_oil_and_wine_presses_database/records/303/,True,unspecified,,unknown,True,0.0,1.0
288,Croatia,Barbariga,Italia,Villa Marittima,13.74138889,44.9891666,-100.0,-1.0,600.0,650.0,10,Farm,,Construction: 100 - 1 BC Abandonment: AD 600 - 650,"Franceschini 1998, 615-616Mlakar 1966, 43; J. P. Rosloff, IJNA 10 (1981), 277-86; Parker (1992), 325.",,10,https://oxrep.classics.ox.ac.uk/databases/olive_oil_and_wine_presses_database/records/288/,True,unspecified,,unknown,True,1.0,1.0
296,Croatia,Barbariga,Italia,Maricchio,13.764611,44.985941,,,,,2,Farm,,Abandonment: before 999 Construction: before 999,"Franceschini 1998, 505Matijasic 1994, 57; C. Pulak, INA Newsletter 15 (1988):10; Parker (1992), 457.",,2,https://oxrep.classics.ox.ac.uk/databases/olive_oil_and_wine_presses_database/records/296/,True,unspecified,,unknown,False,,
289,Croatia,Briuni,Italia,Castrum,13.758501,44.894065,-200.0,-100.0,300.0,400.0,10,Farm,,Construction: 200 - 100 BC Abandonment: AD 300 - 400 Excavation: AD 1976 - 1983,"Matijasic 1993, 249-251Franceschini 1998, 497-498Brun 2004, 54-55; G. Bass, IJNA 3 (1974), 335-8, Türk Arkeoloji Dergisi 22.2 (1975), 33-38; Parker (1992), 209",,10,https://oxrep.classics.ox.ac.uk/databases/olive_oil_and_wine_presses_database/records/289/,True,unspecified,,unknown,True,1.0,1.0
291,Croatia,Briuni,Italia,Monte Collisi,13.76666667,44.9166666,1.0,30.0,,,4,Farm,,Abandonment: before 999 Construction: AD 1 - 30 Excavation: AD 1907 - 1907,"Gnirs 1908, 175-180Franceschini 1998, 498-500Brun 2004, 54; G. Bass Anatolian Studies 36 (1986), 214-16; Parker (1992), 642.",,4,https://oxrep.classics.ox.ac.uk/databases/olive_oil_and_wine_presses_database/records/291/,True,unspecified,,unknown,True,1.0,1.0
292,Croatia,Briuni,Italia,San Nicola,13.76666667,44.9166666,,,,,1,Farm,,Abandonment: before 999 Construction: before 999 Discovery: AD 1901 - 1901 Excavation: AD 1990 - 1995,"Schiavuzzi 1908, 121Gnirs 1908, 176-177Franceschini 1998, 500-501Matijasic 1994, 50-51; G. Bass, Türk Arkeoloji Dergisi 22.2 (1975), 33-38; Parker (1992), 516.",,1,https://oxrep.classics.ox.ac.uk/databases/olive_oil_and_wine_presses_database/records/292/,True,unspecified,,unknown,False,,
294,Croatia,Briuni,Italia,Val Catena,13.773971,44.910126,1.0,100.0,,,3,Farm,,Abandonment: before 999 Construction: AD 1 - 100,"Matijasic 1993, 251Gnirs 1908, 167-176Franceschini 1998, 501-502Matijasic 1994, 47-48Brun 2004, 53; INA Survey 1998 www.diveturkey.com/soa/english/sept08_2001en.htm",Lead sheathing.,3,https://oxrep.classics.ox.ac.uk/databases/olive_oil_and_wine_presses_database/records/294/,True,unspecified,,unknown,True,1.0,1.0
293,Croatia,Cervar-Porat,Italia,bay of Loron,18.19777778,45.6977777,,,,,3,Farm,,Abandonment: before 999 Construction: before 999,"Brun 2004, 57-58; P. Throckmorton, National Geographic 117 (1960), 682-703; H. Frost, Under the Mediterranean, (1963), 160-68; Parker (1992), 534.",,3,https://oxrep.classics.ox.ac.uk/databases/olive_oil_and_wine_presses_database/records/293/,True,unspecified,,unknown,False,,
295,Croatia,Galizana,Italia,none,13.869739,44.933454,,,,,2,Farm,,Abandonment: before 999 Construction: before 999,Matijasic 1993; http://www.thy.com/en-INT/skylife/archive/en/2002_9/konu7.htm,1,2,https://oxrep.classics.ox.ac.uk/databases/olive_oil_and_wine_presses_database/records/295/,True,unspecified,,unknown,False,,
297,Croatia,Galizana,Italia,none,13.869739,44.933454,,,,,2,Farm,,Abandonment: before 999 Construction: before 999,"; M. Mellink AJA 77 (1973), 191; M. Beykan in N. Herz and M. Waelkens (eds.), Classical Marble: Geochemistry, Technology and Trade (1988), 127-137; Parker (1992), 1088.",Hull timbers and metal objects.,2,https://oxrep.classics.ox.ac.uk/databases/olive_oil_and_wine_presses_database/records/297/,True,unspecified,,unknown,False,,
300,Croatia,Galizana,Italia,San Pietro,13.869739,44.933454,,,,,2,Farm,,Abandonment: before 999 Construction: before 999,; http://news.nationalgeographic.com/news/2003/01/0110_030113_blacksea.html (2002),,2,https://oxrep.classics.ox.ac.uk/databases/olive_oil_and_wine_presses_database/records/300/,True,unspecified,,unknown,False,,
302,Croatia,Medulin,Italia,San Andrea,13.933171,44.815984,,,,,2,Farm,,Abandonment: before 999 Construction: before 999,"Matijasic 1994, 30Schiavuzzi 1908, 159Franceschini 1998, 520; G. Kapitän, IJNA 2 (1973), 185-6; C. Koehler, Archaeological News 8 (1979), 55-61; Parker (1992), 905.",,2,https://oxrep.classics.ox.ac.uk/databases/olive_oil_and_wine_presses_database/records/302/,True,unspecified,,unknown,False,,
298,Croatia,Peroj,Italia,Lacusa,13.797308,44.952534,,,,,2,Farm,,Abandonment: before 999 Construction: before 999,"Matijasic 1994, 56Franceschini 1998, 508-509; J. Rosloff, IJNA 10 (1981), 277-86; Parker (1992), 112.",,2,https://oxrep.classics.ox.ac.uk/databases/olive_oil_and_wine_presses_database/records/298/,True,unspecified,,unknown,False,,
299,Croatia,Peroj,Italia,Salvella,13.797308,44.952534,,,,,2,Farm,,Abandonment: before 999 Construction: before 999,"Franceschini 1998, 510Matijasic 1994, 56; http://archives.cnn.com/2000/NATURE/11/02/ancient.shipwreck/index.html R. Ballard et al., AJA 105 (2001), 607-23, at p. 616; C. Ward and B. Ballard, IJNA 33 (2004), 2-13; C. Ward and R. Horlings, The remote exploration and archaeological survey of four Byzantine ships in the Black Sea, in R. Ballard, ed., Archaeological Oceanography (2008, Princeton University Press), pp. 148-173",Timbers can be seen but it's not definite that they belong to this wreck. However the ship 's estimated length is 18m.,2,https://oxrep.classics.ox.ac.uk/databases/olive_oil_and_wine_presses_database/records/299/,True,unspecified,,unknown,False,,
290,Croatia,Pula,Italia,via Kranjcevic,13.85,44.8666666,,,,,1,Farm,,Abandonment: before 999 Construction: before 999,"Gnirs 1908, 144Franceschini 1998, 527Matijasic 1994, 24; G. Bass, IJNA 3 (1974), 335-8, Türk Arkeoloji Dergisi 22.2 (1975), 33-38; Parker (1992), 1026.",Hull timbers,1,https://oxrep.classics.ox.ac.uk/databases/olive_oil_and_wine_presses_database/records/290/,True,unspecified,,unknown,False,,
308,Croatia,Pula,Italia,Sijana,13.86391,44.879442,,,,,3,Farm,,Abandonment: before 999 Construction: before 999,"Matijasic 1993, 233Gnirs 1908, 134-135Franceschini 1998, 536Matijasic 1994, 41-42; G. Touchais, BCH 102 (1978), 678; Parker (1992), 597.",A large merchant ship?,3,https://oxrep.classics.ox.ac.uk/databases/olive_oil_and_wine_presses_database/records/308/,True,unspecified,,unknown,False,,
304,Croatia,Rovinj,Italia,Chiubani,13.635872,45.081293,,,,,2,Farm,,Abandonment: before 999 Construction: before 999,"Franceschini 1998, 530-531Matijasic 1994; K. Rhomaios, Arkhailogikon Deltion 9 (1924-5), 145-87; G. Bass, Archaeology Underwater (1966), 79; Parker (1992), 650.",Wood fragments.,2,https://oxrep.classics.ox.ac.uk/databases/olive_oil_and_wine_presses_database/records/304/,True,unspecified,,unknown,False,,
305,Croatia,Rovinj,Italia,Porto Vestre,13.688423,45.051192,,,,,2,Farm,,Abandonment: before 999 Construction: before 999,"Franceschini 1998, 533; Brief report only, I. Vokotopoulou, Arkhailogikon Deltion 24 (1970), 253 and pl.257 b; Parker (1992), 904.",,2,https://oxrep.classics.ox.ac.uk/databases/olive_oil_and_wine_presses_database/records/305/,True,unspecified,,unknown,False,,
301,Croatia,Sisan,Italia,Stanzia Usic,13.943081,44.851109,100.0,300.0,100.0,300.0,2,Farm,,Construction: AD 100 - 300 Abandonment: AD 100 - 300,"Franceschini 1998, 516Matijasic 1994; G. Papathanassopoulos, IJNA 9 (1980), 164-67; Parker (1992), 810.",,2,https://oxrep.classics.ox.ac.uk/databases/olive_oil_and_wine_presses_database/records/301/,True,unspecified,,unknown,True,0.0,1.0
307,Croatia,Svetvincenat,Italia,Jursici (Roveria),13.875867,45.021582,,,,,2,Farm,,Abandonment: before 999 Construction: before 999,"Franceschini 1998, 535Matijasic 1994, 62; V. Kallipolitis, Athens Annals of Archaeology 5 (1972), 419-26; R. Wünsche, Jahrbuch des Deutschen Archäologischen Instituts 94 (1979), 77-111; Parker (1992), 57; S. Hemingway, The Horse and Jockey from Artemision: A Bronze Equestrian Monument of the Hellenistic Period (Berkeley: University of California Press, 2004).",Timbers lie in situ.,2,https://oxrep.classics.ox.ac.uk/databases/olive_oil_and_wine_presses_database/records/307/,True,unspecified,,unknown,False,,
306,Croatia,Trieste,Italia,San Sabba,13.8,45.6333333,,,,,2,Farm,,Abandonment: before 999 Construction: before 999 Excavation: AD 1885 - 1885,"Brun 2004, 57-58; G. Papathanassopoulos, IJNA 9 (1980), 164-67; Parker (1992), 363.",,2,https://oxrep.classics.ox.ac.uk/databases/olive_oil_and_wine_presses_database/records/306/,True,unspecified,,unknown,False,,
411,Egypt,Borg el-Arab,Aegyptus,none,29.61166667,30.8488888,,,,,2,Farm,,Abandonment: before 999 Construction: before 999,"Oates 1953, 103Brun 2004, 155-157; P. Gianfrotta, Mondo Archeologico 57 (1981), 27-31.",,2,https://oxrep.classics.ox.ac.uk/databases/olive_oil_and_wine_presses_database/records/411/,True,unspecified,,unknown,False,,
325,France,Candeou,Gallia Aquitania,Peymenede,6.87888888,43.63,1.0,300.0,1.0,300.0,4,Farm,,Construction: AD 1 - 300 Abandonment: AD 1 - 300,"Brun 1993; F. Spiess and J. Orzech, Location of ancient amphorae in Deep Waters of the Eastern Mediterranean by the Deep Tow Vehicle, In the Realms of Gold: X Conference on Underwater Archaeology, San Marino, California (ed, W. Cockrell) 1981, 149-159.",,4,https://oxrep.classics.ox.ac.uk/databases/olive_oil_and_wine_presses_database/records/325/,True,unspecified,,unknown,True,0.0,1.0
326,France,Combe-de-Fignols,Gallia Aquitania,none,3.15694444,48.1755555,,,,,2,Farm,,Abandonment: before 999 Construction: before 999,"Brun 2005, 25; V. Cosma, IJNA 2 (1973), 54-8; C. Scarlet, Acta Musei Napocensis10 (1973), 529-40 (cf. fig. 3); Parker (1992), 160.","Some timbers, apparently substantially preserved.",2,https://oxrep.classics.ox.ac.uk/databases/olive_oil_and_wine_presses_database/records/326/,True,unspecified,,unknown,False,,
327,France,Encoron,Gallia Aquitania,Trets,5.68444444,43.4469444,,,,,2,Farm,,Abandonment: before 999 Construction: before 999,"Brun 1993; F. Dumas, Trente Siècles sous La Mer (1972), 187-91; Parker (1992), 1077.",,2,https://oxrep.classics.ox.ac.uk/databases/olive_oil_and_wine_presses_database/records/327/,True,unspecified,,unknown,False,,
328,France,Grand-Loou,Gallia Aquitania,La Roquebrusanne,5.97611111,43.34,-50.0,200.0,-50.0,200.0,2,Farm,,Construction: 50 BC - 200 Abandonment: 50 BC - 200,Brun 1993; Weinberg et al TAPA 55.3 (1965); P. Throckmorton Shipwrecks and Archaeology (1970); www.abyssoblu.com.,"Lead-sheathed hull, part of which has been raised. Elm planks fastened with oak tenons and treenails and bronze nails.",2,https://oxrep.classics.ox.ac.uk/databases/olive_oil_and_wine_presses_database/records/328/,True,unspecified,,unknown,True,0.0,1.0
456,France,La Domergue,Gallia Aquitania,Sauvian,3.24166666,43.3016666,,,,,2,Farm,,Abandonment: before 999 Construction: before 999,,,2,https://oxrep.classics.ox.ac.uk/databases/olive_oil_and_wine_presses_database/records/456/,True,unspecified,,unknown,False,,
332,France,Le Molard,Gallia Aquitania,Donzere,4.70638888,44.4441666,70.0,96.0,200.0,300.0,4,Farm,,Construction: AD 70 - 96 (Cella Vinaria) Abandonment: AD 200 - 300 (Brun 1993.),"Brun 1993Brun 2005, 25; G. Papathanassopoulos, Arkhailogikon Deltion 24 (1970), 145; Parker (1992), 201.",,4,https://oxrep.classics.ox.ac.uk/databases/olive_oil_and_wine_presses_database/records/332/,True,wine,,unknown,True,1.0,1.0
453,France,Les Farguettes,Gallia Aquitania,Nissan,3.11472222,43.3105555,,,,,2,Farm,,Abandonment: before 999 Construction: before 999,,,2,https://oxrep.classics.ox.ac.uk/databases/olive_oil_and_wine_presses_database/records/453/,True,unspecified,,unknown,False,,
455,France,Les Toulons,Gallia Aquitania,Rians,5.71083333,43.6175,,,350.0,425.0,5,Farm,,Construction: before 999 Reconstruction: AD 200 - 250 Abandonment: AD 350 - 425,"Brun 2005, 51-52",,5,https://oxrep.classics.ox.ac.uk/databases/olive_oil_and_wine_presses_database/records/455/,True,unspecified,,unknown,True,1.0,1.0
330,France,Mas-de-la-Grange,Gallia Aquitania,St.Etienne du Gres,4.7225,43.7802777,,,,,2,Farm,,Abandonment: before 999 Construction: before 999,"Brun 1993; P. Throckmorton and J. Bullitt, Expedition 5 (1963), 16-23; G. Bass, Archaeology Underwater (1966), 98-100; J-B Ward-Perkins, Bulletin du Musee de Beyrouth 22 (1969), 109-45; Parker (1992), 696.",,2,https://oxrep.classics.ox.ac.uk/databases/olive_oil_and_wine_presses_database/records/330/,True,unspecified,,unknown,False,,
331,France,Maurely,Gallia Aquitania,St.-Antonin,5.64888888,43.6111111,,,,,2,Farm,,Abandonment: before 999 Construction: before 999,"Brun 1993; G. Bass Archaeology Underwater (1966), 78; Parker (1992), 817.",Flat bottomed vessel which had burnt and sunk in the harbour (?),2,https://oxrep.classics.ox.ac.uk/databases/olive_oil_and_wine_presses_database/records/331/,True,unspecified,,unknown,False,,
451,France,Pignans,Gallia Aquitania,none,6.21666666,43.2999998,,,,,4,Farm,,Abandonment: before 999 Construction: before 999,"Brun 2005, 15-18",,4,https://oxrep.classics.ox.ac.uk/databases/olive_oil_and_wine_presses_database/records/451/,True,unspecified,,unknown,False,,
454,France,Rue du Port,Gallia Aquitania,Cavalaire,6.53194444,43.1711111,70.0,399.0,70.0,399.0,4,Farm,,Construction: AD 70 - 399 Abandonment: AD 70 - 399,,,4,https://oxrep.classics.ox.ac.uk/databases/olive_oil_and_wine_presses_database/records/454/,True,unspecified,,unknown,True,0.0,1.0
452,France,Saint-Martin,Gallia Aquitania,Taradeau,6.43527777,43.4472222,-50.0,599.0,-50.0,599.0,3,Farm,,Construction: 50 BC - 599 Abandonment: 50 BC - 599,"Brun 2005, 44-45",,3,https://oxrep.classics.ox.ac.uk/databases/olive_oil_and_wine_presses_database/records/452/,True,unspecified,,unknown,True,0.0,1.0
329,France,St. Michelle a la Garde,Gallia Aquitania,none,4.75555555,44.3930555,-50.0,,,,7,Farm,,Abandonment: before 999 Construction: 50 BC - 9999,"Brun 1993Brun 2005, 88-92; Discovered by P. Throckmorton but unpublished, Parker (1992), 564.",,7,https://oxrep.classics.ox.ac.uk/databases/olive_oil_and_wine_presses_database/records/329/,True,unspecified,,unknown,True,1.0,1.0
459,France,Notre Dame de la Mure,Gallia Narbonensis,Erome,4.81972222,45.1208333,1.0,199.0,1.0,199.0,2,Farm,,Construction: AD 1 - 199 Abandonment: AD 1 - 199,"Brun 2005, 42",,2,https://oxrep.classics.ox.ac.uk/databases/olive_oil_and_wine_presses_database/records/459/,True,unspecified,,unknown,True,0.0,0.0
458,Germany,Brauneberg,Germania Superior,none,6.9875,49.9091666,300.0,,,,2,Farm,,Abandonment: before 999 Construction: AD 300 - 9999,"Brun 2005, 138-139",,2,https://oxrep.classics.ox.ac.uk/databases/olive_oil_and_wine_presses_database/records/458/,True,unspecified,,unknown,True,0.0,0.0
476,Greece,Delos,Graecia,none,25.266456,37.397965,-100.0,-75.0,-69.0,-50.0,2,House,,Construction: 100 - 75 BC Abandonment: 69 - 50 BC Excavation: AD 1906 - 1906,"Foxhall 2007, 162-163Brun - Brunet 1997, 586-605",,2,https://oxrep.classics.ox.ac.uk/databases/olive_oil_and_wine_presses_database/records/476/,True,unspecified,,unknown,True,0.0,0.0
477,Greece,Delos,Graecia,none,25.27405,37.406013,,,-75.0,-69.0,2,House,,Construction: before 999 Reconstruction: 125 - 100 BC (Construction of the workshop) Abandonment: 75 - 69 BC,"Brun 1999, 109-115Foxhall 2007, 164",,2,https://oxrep.classics.ox.ac.uk/databases/olive_oil_and_wine_presses_database/records/477/,True,unspecified,,unknown,True,0.0,0.0
475,Israel,Avedat,Iudaea,none,36.77222222,30.7930555,,,,,2,Farm,,Abandonment: before 999 Construction: before 999,"Brun 2004, 131-132",,2,https://oxrep.classics.ox.ac.uk/databases/olive_oil_and_wine_presses_database/records/475/,True,unspecified,,"oil (regional presumption, NOT in source)",False,,
435,Israel,Ya'ara,Iudaea,Horvat Zabadi,35.168092,33.065423,,,,,2,Farm,,Abandonment: before 999 Construction: before 999,"Brun 2004, 127; Z. Rapanic, Arheoloski Pregled 14 (1972), 79-80; D. Vrsalovic, Istraivanja i Zatita Podmorkih Arheoloskih Spomenika u S.R. Hrvatskoj (1974), 39 and 239-40, figs. 2, 30 and 67; J. Istenic, Diadora 10 (1988), 99-110; M. Juriic, Ancient Shipwrecks of the Adriatic (2000), no.73; M . Jurisic in D. Davison, V. Gaffney and E. Martin (eds.) BAR 2006, 175-192",Hull is well preserved.,2,https://oxrep.classics.ox.ac.uk/databases/olive_oil_and_wine_presses_database/records/435/,True,unspecified,,"oil (regional presumption, NOT in source)",False,,
473,Israel,Avdon,Iudaea,Shaumariya,35.191283,33.048594,,,,,2,Farm,,Abandonment: before 999 Construction: before 999,"Brun 2004, 127",,2,https://oxrep.classics.ox.ac.uk/databases/olive_oil_and_wine_presses_database/records/473/,True,unspecified,,"oil (regional presumption, NOT in source)",False,,
278,Italy,Rome,Italia,Via Togliatti,12.49194444,41.8838888,,,,,2,Farm,,Abandonment: before 999 Construction: before 999,"Franceschini 2005; J. P. Rosloff, IJNA 10 (1981), 277-86; Parker (1992), 547",,2,https://oxrep.classics.ox.ac.uk/databases/olive_oil_and_wine_presses_database/records/278/,True,unspecified,,unknown,False,,
261,Italy,Pompeii,Italia,Villa of the Mysteries,14.477484,40.753552,-80.0,-70.0,79.0,79.0,2,Luxury Villa,,Construction: 80 - 70 BC Abandonment: AD 79 - 79 Excavation: AD 1930 - 1933,"Brun 2004, 20; D. Vrsalovic, Istraivanja i Zatita Podmorkih Arheoloskih Spomenika u S.R. Hrvatskoj (1974), 35; M. Juriic Ancient Shipwrecks of the Adriatic (2000), no.37.",,2,https://oxrep.classics.ox.ac.uk/databases/olive_oil_and_wine_presses_database/records/261/,True,unspecified,,unknown,True,0.0,0.0
260,Italy,Boscoreale,Italia,Villa Pisanella,14.477606,40.766229,-100.0,-50.0,79.0,79.0,2,Farm,,Construction: 100 - 50 BC Abandonment: AD 79 - 79 (Buried by AD 79 Vesuvius eruption) Discovery: AD 1876 - 1876 Excavation: AD 1894 - 1896,"Brun 2004, 14-18; M. Juriic, Ancient Shipwrecks of the Adriatic (2000), no.27.",,2,https://oxrep.classics.ox.ac.uk/databases/olive_oil_and_wine_presses_database/records/260/,True,unspecified,,unknown,True,0.0,0.0
266,Italy,Blera,Italia,Pian della Noce,12.03333333,42.2833333,-100.0,1.0,300.0,400.0,2,Farm,,Construction: 100 BC - 1 Abandonment: AD 300 - 400,"Quilici Gigli 1976, 52-56; D. Vrsalovic, PhD thesis (unpublished, 1979), 248-9; M. Juriic, Ancient Shipwrecks of the Adriatic (2000), no.81.",,2,https://oxrep.classics.ox.ac.uk/databases/olive_oil_and_wine_presses_database/records/266/,True,unspecified,,unknown,True,1.0,1.0
280,Italy,Cerveteri,Italia,Villa del Seccareccio,12.1,42.0,-100.0,200.0,-100.0,200.0,2,Farm,,Construction: 100 BC - 200 Abandonment: 100 BC - 200,"Maffei - Nastasi 1990, 131-132; G. Bass, Anatolian Studies 36 (1986), 214-16; Parker (1992), 643.",,2,https://oxrep.classics.ox.ac.uk/databases/olive_oil_and_wine_presses_database/records/280/,True,unspecified,,unknown,True,0.0,1.0
287,Italy,Cesena di Senigallia,Italia,none,13.21666667,43.7166666,-50.0,1.0,25.0,75.0,2,Farm,,Construction: 50 BC - 1 Abandonment: AD 25 - 75 Excavation: AD 1967 - 1967 (Discovered during the construction of a road),"Brun 2004, 35-36; G. Bass, Archaeology Underwater (1966), 82-3; G. Bass and L. Joline, Expedition 11.2 (1968), 9-12; Parker (1992), 1238; www.turkish-embassy.si/underwater.htm",,2,https://oxrep.classics.ox.ac.uk/databases/olive_oil_and_wine_presses_database/records/287/,True,unspecified,,unknown,True,0.0,0.0
264,Italy,Cosa,Italia,Via della Fattoria,11.28444444,42.4172222,,,,,4,Farm,,Construction: before 999 Abandonment: before 999,"Brun 2004, 42",,4,https://oxrep.classics.ox.ac.uk/databases/olive_oil_and_wine_presses_database/records/264/,True,unspecified,,unknown,False,,
265,Italy,Cosa,Italia,Settefinestre,11.31694444,42.4466666,,,,,4,Farm,,Construction: before 999 Abandonment: before 999,"Brun 2004, 38-42Carandini 1985, 241-252; Z. Brusiç, Zbornik Zadarsko otocje 1 (1974), 67; D. Vrsalovic, PhD thesis (unpublished; 1979), 174; M. Juriic, Ancient Shipwrecks of the Adriatic (2000), no.79.",,4,https://oxrep.classics.ox.ac.uk/databases/olive_oil_and_wine_presses_database/records/265/,True,unspecified,,unknown,False,,
270,Italy,Fiano Romano,Italia,Fondo Nocioni-Gigliotti,12.580671,42.134065,,,,,2,Farm,,Construction: before 999 Abandonment: before 999,"; G. Käpitan, Recherches sur les Amphores Romaines, (1972), 243-52 and Mariner's Mirror 59 (1973), 229-30; G. Kapitän and M. Price, IJNA 3 (1974), 150-53; P. Gargallo, Mariner's Mirror 58 (1972), 443-6 and pls 12-13; H. Frost, Mariner's Mirror 59 (1973), 334","The ship was luxuriously furnished: innumerable fragments of mosaic still embedded in cement showed that the floor was decorated with a coloured, figurative design, surrounded by a black and white geometric border. Small marble columns probably flanked a doorway.",2,https://oxrep.classics.ox.ac.uk/databases/olive_oil_and_wine_presses_database/records/270/,True,unspecified,,unknown,False,,
271,Italy,Fiano Romano,Italia,"Villa ""della Standa""",12.592762,42.150051,,,,,2,Farm,,Construction: before 999 Abandonment: before 999,"; http://ina.tamu.edu/kizilburun/index.htm D. Carlson, INA Quarterly 31.1 (2004), 3-9; J. Daniel, INA Quarterly 31.1 (2004), 13-14; K. Trego, INA Quarterly 31.1 (2004), 11-12; D. Carlson, INA Quarterly 33.1(2006), 1-10; J. Daniel, INA Quarterly 33.1 (2006), 13-14; K. Trego, INA Quarterly 33.1 (2006), 11-12; D. Carlson, INA Quarterly 34.1 (2007), 3-10; D. Hamilton and D. Carlson, The INA Annual 2008 Projects (2009), 11-14.","More than 250 fasteners, most of them copper (or copper alloy?) nails and enough small but well-preserved wood fragments to suggest that some hull remains have survived beneath one or more of the drums. At least 24 timbers have been sent for analysis and some of the transverse timbers were made of ash.",2,https://oxrep.classics.ox.ac.uk/databases/olive_oil_and_wine_presses_database/records/271/,True,unspecified,,unknown,False,,
272,Italy,Fiano Romano,Italia,Villa dei Volusii,12.600822,42.133263,,,,,2,Farm,,Construction: before 999 Abandonment: before 999,"; M. Jurisic, Ancient Shipwrecks of the Adriatic (2000), no.80; M.-E. Stenuit et al, IJNA 30 (2001)196-210; G. Purpura, archeologia Viva 119 (2005), 60-61.; http://www.mclink.it/assoc/assonet/arcart/lussino.htm",,2,https://oxrep.classics.ox.ac.uk/databases/olive_oil_and_wine_presses_database/records/272/,True,unspecified,,unknown,False,,
262,Italy,Gragnano,Italia,Casa Miri,14.51666667,40.6833333,,,,,2,Farm,,Construction: before 999 Abandonment: before 999,"Brun 1986, 280; D. Vrsalovic, PhD thesis (unpublished; 1979), 247; M. Juriic, Ancient Shipwrecks of the Adriatic (2000), no.38.",,2,https://oxrep.classics.ox.ac.uk/databases/olive_oil_and_wine_presses_database/records/262/,True,unspecified,,unknown,False,,
273,Italy,Grottarossa,Italia,Saxa Rubra,12.49194444,41.965,-200.0,-1.0,,,2,Farm,,Abandonment: before 999 Construction: 200 - 1 BC Reconstruction: 50 BC - 50,"Marzano 2007, 504-505Franceschini 2005; http://www.ancientworlds.net/aw/Article/740225 ; http://www.uciim.sicilia.it/SATIRO/raccolta_foto_SATIRO.htm; http://www.museicapitolini.org/en/eventi/mostra_satiro.htm G. Lattanzi, Navi e Citta Sommerse (2007), 120-121; R. Petriaggi, Archaeologia Mediterranea maritima 2007, 193-198",The remains of the ship were identified by a lateral scansion sonar analysis of the relative stretch of sea.,2,https://oxrep.classics.ox.ac.uk/databases/olive_oil_and_wine_presses_database/records/273/,True,unspecified,,unknown,True,1.0,1.0
274,Italy,Licenza,Italia,Prato la Corte,12.91666667,42.0833333,1.0,,,,2,Farm,,Abandonment: before 999 Construction: AD 1 - 9999,"Mari 1994Marzano 2007, 394-395; National Museum of Athens.",,2,https://oxrep.classics.ox.ac.uk/databases/olive_oil_and_wine_presses_database/records/274/,True,unspecified,,unknown,True,1.0,1.0
284,Italy,Ordona,Italia,Posta Crusta,15.61666667,41.3166666,,,,,2,Farm,,Abandonment: before 999 Construction: before 999,"; G. Bass, IJNA 3 (1974), 335-8, Türk Arkeoloji Dergisi 22.2 (1975), 33-38; Parker (1992), 549.",,2,https://oxrep.classics.ox.ac.uk/databases/olive_oil_and_wine_presses_database/records/284/,True,unspecified,,unknown,False,,
286,Italy,Osimo,Italia,Monte Torto,13.45369,43.488981,-50.0,-1.0,100.0,200.0,5,Farm,,Construction: 50 - 1 BC Abandonment: AD 100 - 200,"Brun 2004, 34-35; C. Pulak, INA Newsletter 12.2 (1985), 2-3; Parker (1992), 105.",,5,https://oxrep.classics.ox.ac.uk/databases/olive_oil_and_wine_presses_database/records/286/,True,unspecified,,unknown,True,0.0,1.0
285,Italy,Rossano,Italia,Ciminata,16.617348,39.603214,-75.0,-25.0,25.0,75.0,2,Farm,,Construction: 75 - 25 BC Abandonment: AD 25 - 75,"Brun 2004, 32; G. Bass and M. Katzev Archaeology 21 (1968), 164-73; B. Ridgeway Expedition 10.1 (1967), 3-9; G. Bass and L. Joline Expedition 11.2 (1968), 9-12.",Fragments of bronze and wood.,2,https://oxrep.classics.ox.ac.uk/databases/olive_oil_and_wine_presses_database/records/285/,True,unspecified,,unknown,True,0.0,0.0
263,Italy,S. Sebastiano al Vesuvio,Italia,none,14.36666667,40.85,-100.0,79.0,-100.0,79.0,2,Farm,,Construction: 100 BC - 79 Abandonment: 100 BC - 79,"Cerulli Irelli 1965, 161-178; D. Vrsalovic, Istraivanja i Zatita Podmorkih Arheoloskih Spomenika u S.R. Hrvatskoj (1974), 25; D. Vrsalovic, PhD thesis (unpublished, 1979), 217-18; N. Cambi, Amphores Romaines, MEFRA 114 (1989), 323-5; M. Juriic, Ancient Shipwrecks of the Adriatic (2000), no. 45.",Remains of the hull.,2,https://oxrep.classics.ox.ac.uk/databases/olive_oil_and_wine_presses_database/records/263/,True,unspecified,,unknown,True,0.0,0.0
269,Italy,Sperlonga,Italia,Villa Prato,13.426529,41.267609,-150.0,-100.0,-60.0,-40.0,2,Farm,,Construction: 150 - 100 BC Abandonment: 60 - 40 BC,"Marzano 2007, 462-463; J. Mesic, Obavijesti HAD-a XXX1/2 (1999), 76; M. Juriic, Ancient Shipwrecks of the Adriatic (2000), no. 30; M . Jurisic in D. Davison, V. Gaffney and E. Martin (eds.) BAR 2006, 175-192",,2,https://oxrep.classics.ox.ac.uk/databases/olive_oil_and_wine_presses_database/records/269/,True,unspecified,,unknown,True,0.0,0.0
267,Italy,Tivoli,Italia,Granaraccio,12.740419,41.918429,,,,,4,Farm,,Construction: before 999 Abandonment: before 999,"; DRASM, Archéologie Sous-marine, Arles 83, (1983), nos. 277-304; G. Amar and B. Liou, Archaeonautica 4 (1984), 154; M.-B. Carre and M.-P. Jezegou, Archaeonautica 4 (1984), 134; A. Pollino, Objets Métalliques sur les épaves antiques, (1984), 35-49; B. Liou and P. Pomey, Gallia 43 (1985), 574-5; F. Braemer, LExploitation de la Mer. La mer, moyen déchange et de communication (1986), 149-50; A. Hesnard et al., Archaeonautica 8 (1988), 92 ; Parker (1992), 425; C. Baudoin, B. Liou and L. Long, Une Cargaison de Bronzes Hellénistiques, Archaeonautica 12 (1994).",Proposed length of about 15m capable of carrying 300 amphorae.,4,https://oxrep.classics.ox.ac.uk/databases/olive_oil_and_wine_presses_database/records/267/,True,unspecified,,unknown,False,,
268,Italy,Tivoli,Italia,Casale S. Angelo,12.825122,41.923932,-200.0,,,,2,Farm,,Abandonment: before 999 Construction: 200 BC - 9999,"; M. Cecchini, Sesto Continente 2 (1980), p. 43 and 46; C. Mocchegiani, Archeologia Subacquea. Note di viaggio nell'italia Sommersa (1986), 178-9; P. Gianfrotta, Le Isole Pontine attraverso I Tempi, (1986), 214-6; Parker (1992), 486.",,2,https://oxrep.classics.ox.ac.uk/databases/olive_oil_and_wine_presses_database/records/268/,True,unspecified,,unknown,True,1.0,1.0
276,Italy,Tomba di Nerone,Italia,Casale Ghella,12.43472222,41.9752777,,,,,2,Farm,,Abandonment: before 999 Construction: before 999,"Franceschini 2005; G. Kapitän, Tropis 1 (1989),147-62; Parker (1992), 658.",,2,https://oxrep.classics.ox.ac.uk/databases/olive_oil_and_wine_presses_database/records/276/,True,unspecified,,unknown,False,,
275,Italy,Val Melaina,Italia,Vigne Nuove,12.52805556,41.9683333,-100.0,-27.0,200.0,300.0,3,Farm,,"Construction: 100 - 27 BC (""Late republican period""; includes press (Marzano 2007, 561)) Abandonment: AD 200 - 300 (""until the third century"" (Marzano 2007, 561))","Marzano 2007, 561Franceschini 2005; Summary reports, R. Marx, IJNA 3 (1974), 332; Parker (1992), 1189.",,3,https://oxrep.classics.ox.ac.uk/databases/olive_oil_and_wine_presses_database/records/275/,True,unspecified,,unknown,True,1.0,1.0
283,Italy,Melfi,Italia,Contrada Leonessa,15.603985,41.07704,,,,,4,Farm,,Abandonment: before 999 Construction: before 999,"; G. Bass, IJNA 3 (1974), 335-8, Türk Arkeoloji Dergisi 22.2 (1975), 33-38; Parker (1992), 548.",,4,https://oxrep.classics.ox.ac.uk/databases/olive_oil_and_wine_presses_database/records/283/,True,unspecified,,unknown,False,,
282,Italy,Varignano,Italia,none,9.85194444,44.0883333,-100.0,-50.0,500.0,600.0,2,Farm,,Construction: 100 - 50 BC Abandonment: AD 500 - 600,"Brun 2004, 43; G. DAngelo, Anfore ed Ancore Sommerse (1980), pl. 11; Parker (1992), 1038.",,2,https://oxrep.classics.ox.ac.uk/databases/olive_oil_and_wine_presses_database/records/282/,True,unspecified,,unknown,True,1.0,1.0
405,Libya,Bir Damra,Africa Proconsularis,Site 66,13.88333333,32.5255555,,,,,3,Farm,,Abandonment: before 999 Construction: before 999,"Oates 1953, 117; G. Bass II. Kazi Sonuçlari Toplantisi (Ankara, 1981), p. 17; Parker (1992), 1073.",,3,https://oxrep.classics.ox.ac.uk/databases/olive_oil_and_wine_presses_database/records/405/,True,unspecified,,"oil (regional presumption, NOT in source)",False,,
382,Libya,Gasr Ed-Dauun,Africa Proconsularis,Site 6,13.87083333,32.4541666,,,,,2,Farm,,Abandonment: before 999 Construction: before 999,"Oates 1953, 115; J. Green et al., The Research Laboratory for Archaeology, (1970), site 28; Parker (1992), 207.",,2,https://oxrep.classics.ox.ac.uk/databases/olive_oil_and_wine_presses_database/records/382/,True,unspecified,,"oil (regional presumption, NOT in source)",False,,
383,Libya,Gasr Ed-Dauun,Africa Proconsularis,Site 13,13.91666667,32.5041666,,,,,5,Farm,,Abandonment: before 999 Construction: before 999,"Oates 1953, 116; www.nauticos.com/press/newyorktimes.htm (2001); www.archaeology.org/0103/etc/wreck.html",A wooden deck beam and a segment of planking.,5,https://oxrep.classics.ox.ac.uk/databases/olive_oil_and_wine_presses_database/records/383/,True,unspecified,,"oil (regional presumption, NOT in source)",False,,
384,Libya,Gasr Ed-Dauun,Africa Proconsularis,Site 19,13.85833333,32.4916666,,,,,2,Farm,,Abandonment: before 999 Construction: before 999,"Oates 1953, 116",,2,https://oxrep.classics.ox.ac.uk/databases/olive_oil_and_wine_presses_database/records/384/,True,unspecified,,"oil (regional presumption, NOT in source)",False,,
385,Libya,Gasr Ed-Dauun,Africa Proconsularis,Site 21,13.8625,32.4888888,,,,,2,Farm,,Abandonment: before 999 Construction: before 999,"Oates 1953, 116",,2,https://oxrep.classics.ox.ac.uk/databases/olive_oil_and_wine_presses_database/records/385/,True,unspecified,,"oil (regional presumption, NOT in source)",False,,
386,Libya,Gasr Ed-Dauun,Africa Proconsularis,Site 23,13.88888889,32.4888888,,,,,4,Farm,,Abandonment: before 999 Construction: before 999,"Oates 1953, 116",,4,https://oxrep.classics.ox.ac.uk/databases/olive_oil_and_wine_presses_database/records/386/,True,unspecified,,"oil (regional presumption, NOT in source)",False,,
387,Libya,Gasr Ed-Dauun,Africa Proconsularis,Site 26,13.89166667,32.45,,,,,2,Farm,,Abandonment: before 999 Construction: before 999,"Oates 1953, 116",,2,https://oxrep.classics.ox.ac.uk/databases/olive_oil_and_wine_presses_database/records/387/,True,unspecified,,"oil (regional presumption, NOT in source)",False,,
388,Libya,Gasr Ed-Dauun,Africa Proconsularis,Site 29,13.89166667,32.4333333,,,,,2,Farm,,Abandonment: before 999 Construction: before 999,"Oates 1953, 116",,2,https://oxrep.classics.ox.ac.uk/databases/olive_oil_and_wine_presses_database/records/388/,True,unspecified,,"oil (regional presumption, NOT in source)",False,,
389,Libya,Gasr Ed-Dauun,Africa Proconsularis,Site 30,13.89166667,32.4333333,,,,,2,Farm,,Abandonment: before 999 Construction: before 999,"Oates 1953, 116",,2,https://oxrep.classics.ox.ac.uk/databases/olive_oil_and_wine_presses_database/records/389/,True,unspecified,,"oil (regional presumption, NOT in source)",False,,
390,Libya,Gasr Ed-Dauun,Africa Proconsularis,Site 36,13.90833333,32.3833333,,,,,2,Farm,,Abandonment: before 999 Construction: before 999,"Oates 1953, 116; G. Charlin, J.-M. Gassend and R. Lequément, Archaeonautica 2 (1978), 9-93; J.-M. Gassend, Structure, proportions et tonnage de trois navires de commerce romaine d'après l'étude de leurs épaves (1980); P. Pomey, Mariner's Mirror 67 (1981), 238; R. Lequément in M. Galley and L. Ladjimi Sebai (eds.), L'Homme Méditerranéen et La Mer (1985), 113; C. Aranegui, Ceramiques Grecques i Hellenistiques a la Peninsula Iberica, (1985), 108.","Very well-preserved hull of Bosnia pine with treenails of fir and oak. The hull was patched with lead sheathing. Only 13m long with a width of 3m and a tonnage of 19-21 tons. Three coins found in the mast-step are illegible. The construction was mixed with a combination of ligatures and more traditional mortise and tenon (cf Tour Fondue 1, Barthelemy B, Jeaume Garde B, Plane 1, Cap Bear 3, Roche Fouras, Baie de l'Amitie, Cap del Vol, Cavaliere and Port la Nautique).",2,https://oxrep.classics.ox.ac.uk/databases/olive_oil_and_wine_presses_database/records/390/,True,unspecified,,"oil (regional presumption, NOT in source)",False,,
391,Libya,Gasr Ed-Dauun,Africa Proconsularis,Site 39,13.90833333,32.4,,,,,3,Farm,,Abandonment: before 999 Construction: before 999,"Oates 1953, 116",,3,https://oxrep.classics.ox.ac.uk/databases/olive_oil_and_wine_presses_database/records/391/,True,unspecified,,"oil (regional presumption, NOT in source)",False,,
392,Libya,Gasr Ed-Dauun,Africa Proconsularis,Site 40,13.93055556,32.4166666,,,,,3,Farm,,Abandonment: before 999 Construction: before 999,"Oates 1953, 116",,3,https://oxrep.classics.ox.ac.uk/databases/olive_oil_and_wine_presses_database/records/392/,True,unspecified,,"oil (regional presumption, NOT in source)",False,,
393,Libya,Gasr Ed-Dauun,Africa Proconsularis,Site 41,13.9525,32.4166666,,,,,2,Farm,,Abandonment: before 999 Construction: before 999,"Oates 1953, 116; A. Freschi, in G. Tigano (ed.) Rinvenimenti Subacquei a Milazzo e il Relitto di Punta Mazzo (Messina, 1997), 60-65; A. Olla, ibid., 65-98.","Lead sheathing, bronze and iron nails.",2,https://oxrep.classics.ox.ac.uk/databases/olive_oil_and_wine_presses_database/records/393/,True,unspecified,,"oil (regional presumption, NOT in source)",False,,
394,Libya,Gasr Ed-Dauun,Africa Proconsularis,Site 42,14.0,32.4166666,,,,,2,Farm,,Abandonment: before 999 Construction: before 999,"Oates 1953, 116",,2,https://oxrep.classics.ox.ac.uk/databases/olive_oil_and_wine_presses_database/records/394/,True,unspecified,,"oil (regional presumption, NOT in source)",False,,
396,Libya,Gasr Ed-Dauun,Africa Proconsularis,Site 44,13.8875,32.4472222,,,,,2,Farm,,Abandonment: before 999 Construction: before 999,"Oates 1953, 116; D. Foy and M.- P. Jézégou, Bilan scientifique du Département des recherches archéologiques sous-marines (1995), 61-62; ibid.((2000), 65-66; ibid. (2001), 71-72; ibid. (2002), 65-67; ibid. (2003), 86-90; ibid. (2004), 76-82; ibid. (2005), 76-81; D. Foy and M.- P. Jézégou in E. Rieth (ed.), Méditerranée antique (1998), 121-134; D. Foy and S. Fontaine, Poseidons Reich XI 17.9.2006, p.18; http://www.culture.gouv.fr/culture/archeosm/fr/; http://www2.cnrs.fr/presse/journal/1318.htm?print=1","Eleven ribs of 2m long, other fragments including two strakes. The ship was no more than 15m long.",2,https://oxrep.classics.ox.ac.uk/databases/olive_oil_and_wine_presses_database/records/396/,True,unspecified,,"oil (regional presumption, NOT in source)",False,,
397,Libya,Gasr Ed-Dauun,Africa Proconsularis,Site 52,13.93333333,32.475,,,,,2,Farm,,Abandonment: before 999 Construction: before 999,"Oates 1953, 116",,2,https://oxrep.classics.ox.ac.uk/databases/olive_oil_and_wine_presses_database/records/397/,True,unspecified,,"oil (regional presumption, NOT in source)",False,,
398,Libya,Gasr Ed-Dauun,Africa Proconsularis,Site 54,13.875,32.4916666,,,,,2,Farm,,Abandonment: before 999 Construction: before 999,"Oates 1953, 117; L. Long, Bilan Scientifique 1999, 41-43; Bilan Scientifique 2005, 54-55",,2,https://oxrep.classics.ox.ac.uk/databases/olive_oil_and_wine_presses_database/records/398/,True,unspecified,,"oil (regional presumption, NOT in source)",False,,
400,Libya,Gasr Ed-Dauun,Africa Proconsularis,Site 57,13.93333333,32.55,,,,,4,Farm,,Abandonment: before 999 Construction: before 999,"Oates 1953, 117; L. Long, Bilan scientifique du Département des recherches archéologiques sous-marines (1999), 41-43.",,4,https://oxrep.classics.ox.ac.uk/databases/olive_oil_and_wine_presses_database/records/400/,True,unspecified,,"oil (regional presumption, NOT in source)",False,,
401,Libya,Gasr Ed-Dauun,Africa Proconsularis,Site 60,13.99861111,32.4722222,,,,,2,Farm,,Abandonment: before 999 Construction: before 999,"Oates 1953, 117; I Bronzi di Punta del Serrone: Ricerche Archeologiche Subacquee a Brindisi 1992, Bollettino di Archeologia, (Puglia, 1992); C. Beltrame, Vita di Bordo in Eta Romana (2002), 457; G. Lattanzi, Navi e Citta Sommerse (2007), 137-46.",Some pieces of lead sheathing are all that remain on the rocky bottom.,2,https://oxrep.classics.ox.ac.uk/databases/olive_oil_and_wine_presses_database/records/401/,True,unspecified,,"oil (regional presumption, NOT in source)",False,,
402,Libya,Gasr Ed-Dauun,Africa Proconsularis,Site 62,13.96916667,32.4583333,,,,,3,Farm,,Abandonment: before 999 Construction: before 999,"Oates 1953, 117",,3,https://oxrep.classics.ox.ac.uk/databases/olive_oil_and_wine_presses_database/records/402/,True,unspecified,,"oil (regional presumption, NOT in source)",False,,
403,Libya,Gasr Ed-Dauun,Africa Proconsularis,Site 63,13.9,32.5333333,,,,,2,Farm,,Abandonment: before 999 Construction: before 999,"Oates 1953, 117; G. Käpitan, Sicilia Archeologica 30 (1976), 87-103; IJNA 8 (1979), 101-03; C. Koehler, Beneath the Waters of Time (1978), 236-7; PhD thesis, Princeton, 1979 p.21 and 39; Parker (1992), 1113.",,2,https://oxrep.classics.ox.ac.uk/databases/olive_oil_and_wine_presses_database/records/403/,True,unspecified,,"oil (regional presumption, NOT in source)",False,,
404,Libya,Gasr Ed-Dauun,Africa Proconsularis,Site 65,13.90833333,32.525,,,,,2,Farm,,Abandonment: before 999 Construction: before 999,"Oates 1953, 117",,2,https://oxrep.classics.ox.ac.uk/databases/olive_oil_and_wine_presses_database/records/404/,True,unspecified,,"oil (regional presumption, NOT in source)",False,,
406,Libya,Gasr Ed-Dauun,Africa Proconsularis,Site 67,13.86666667,32.5,,,,,4,Farm,,Abandonment: before 999 Construction: before 999,"Oates 1953, 117",,4,https://oxrep.classics.ox.ac.uk/databases/olive_oil_and_wine_presses_database/records/406/,True,unspecified,,"oil (regional presumption, NOT in source)",False,,
407,Libya,Gasr Ed-Dauun,Africa Proconsularis,Site 69,13.99722222,32.5041666,,,,,2,Farm,,Abandonment: before 999 Construction: before 999,"Oates 1953, 117; M. Calabri, Archeologia Viva 1 (1982); D. Gandolfi, Rivista di Studi Liguri 41-42 (1982), 403; E. Ciabatti et al., Subacqueo 17 (1989), 22-34; A. Spawforth, Minerva June 1990, 9-10; Parker (1992), 898; M. Firmati, Memorie Sommerse: Archeologia Subacqueia in Toscana (1997), 184-192.","Quite a small ship, 15-18m long, with lead sheathing along the central part of the hull.",2,https://oxrep.classics.ox.ac.uk/databases/olive_oil_and_wine_presses_database/records/407/,True,unspecified,,"oil (regional presumption, NOT in source)",False,,
399,Libya,Gasr ez-Zlaseia,Africa Proconsularis,Site 56,13.88055556,32.5444444,,,,,3,Farm,,Abandonment: before 999 Construction: before 999,"Oates 1953, 117",,3,https://oxrep.classics.ox.ac.uk/databases/olive_oil_and_wine_presses_database/records/399/,True,unspecified,,"oil (regional presumption, NOT in source)",False,,
372,Libya,Henchir el-Mohammed,Africa Proconsularis,none,13.97083333,32.4416666,,,,,8,Farm,,Abandonment: before 999 Construction: before 999,"Oates 1953Brun 2004, 190",,8,https://oxrep.classics.ox.ac.uk/databases/olive_oil_and_wine_presses_database/records/372/,True,unspecified,,"oil (regional presumption, NOT in source)",False,,
374,Libya,Henchir Ouled,Africa Proconsularis,none,9.55916666,35.7047222,,,,,3,Farm,,Abandonment: before 999 Construction: before 999,"Brun 2004, 195",,3,https://oxrep.classics.ox.ac.uk/databases/olive_oil_and_wine_presses_database/records/374/,True,unspecified,,"oil (regional presumption, NOT in source)",False,,
375,Libya,Henscir Sidi Hamdam,Africa Proconsularis,none,13.99166667,32.4555555,,,,,9,Farm,,Abandonment: before 999 Construction: before 999,"Oates 1953, 97-99Brun 2004, 192-193",,9,https://oxrep.classics.ox.ac.uk/databases/olive_oil_and_wine_presses_database/records/375/,True,unspecified,,"oil (regional presumption, NOT in source)",False,,
377,Libya,Senam el-Chadem,Africa Proconsularis,site 38,13.91666667,32.3833333,,,,,4,Farm,,Abandonment: before 999 Construction: before 999,"Oates 1953, 116; Unpublished, Parker (1992), 350.",,4,https://oxrep.classics.ox.ac.uk/databases/olive_oil_and_wine_presses_database/records/377/,True,unspecified,,"oil (regional presumption, NOT in source)",False,,
376,Libya,Senam el-Nejm,Africa Proconsularis,Senam Howod Nejem,,,,,,,3,Farm,,Abandonment: before 999 Construction: before 999,"Mattingly 1995, 142Brun 2004, 192-194",,3,https://oxrep.classics.ox.ac.uk/databases/olive_oil_and_wine_presses_database/records/376/,True,unspecified,"0,0 in source = no coordinates","oil (regional presumption, NOT in source)",False,,
395,Libya,Senam el-Nejm,Africa Proconsularis,Site 43,13.91666667,32.4416666,,,,,3,Farm,,Abandonment: before 999 Construction: before 999,"Oates 1953, 116",,3,https://oxrep.classics.ox.ac.uk/databases/olive_oil_and_wine_presses_database/records/395/,True,unspecified,,"oil (regional presumption, NOT in source)",False,,
378,Libya,Senam Rudbir,Africa Proconsularis,none,13.810062,32.705744,,,,,3,Farm,,Abandonment: before 999 Construction: before 999,"Brun 2004, 193",,3,https://oxrep.classics.ox.ac.uk/databases/olive_oil_and_wine_presses_database/records/378/,True,unspecified,,"oil (regional presumption, NOT in source)",False,,
379,Libya,Senam Semana,Africa Proconsularis,none,13.79944444,32.6230555,,,,,17,Farm,,Abandonment: before 999 Construction: before 999,"Brun 2004, 191",,17,https://oxrep.classics.ox.ac.uk/databases/olive_oil_and_wine_presses_database/records/379/,True,unspecified,,"oil (regional presumption, NOT in source)",False,,
380,Libya,Silin,Africa Proconsularis,none,14.15361111,32.7133333,,,,,2,Farm,,Abandonment: before 999 Construction: before 999,"Salza Prina Ricotti 1971, 151-152Brun 2004, 190; O. Engvig and M. Beichmann, Opuscula Athiensia 15 (1984), no. S-130 c; Parker (1992), 213.",,2,https://oxrep.classics.ox.ac.uk/databases/olive_oil_and_wine_presses_database/records/380/,True,unspecified,,"oil (regional presumption, NOT in source)",False,,
381,Libya,Udei el-Me,Africa Proconsularis,Site 10,13.9525,32.4583333,,,,,4,Farm,,Abandonment: before 999 Construction: before 999,"Oates 1953, 100-101Brun 2004, 192-193; Unpublished, Parker (1992), 414.",,4,https://oxrep.classics.ox.ac.uk/databases/olive_oil_and_wine_presses_database/records/381/,True,unspecified,,"oil (regional presumption, NOT in source)",False,,
408,Libya,Udei el-Me,Africa Proconsularis,Site 2,13.87916667,32.4666666,,,,,3,Farm,,Abandonment: before 999 Construction: before 999,"Oates 1953, 92",,3,https://oxrep.classics.ox.ac.uk/databases/olive_oil_and_wine_presses_database/records/408/,True,unspecified,,"oil (regional presumption, NOT in source)",False,,
409,Libya,Wadi Meauia,Africa Proconsularis,Site 15,14.13333333,32.5,,,,,2,Farm,,Abandonment: before 999 Construction: before 999,"Oates 1953, 116; P. Gianfrotta, Mondo Archeologico 57 (1981), 27-31 and Bollettino dArte 66 (1981), 70-2; Parker (1992), 566.",,2,https://oxrep.classics.ox.ac.uk/databases/olive_oil_and_wine_presses_database/records/409/,True,unspecified,,"oil (regional presumption, NOT in source)",False,,
368,Libya,Kuwayfiyah,Creta et Cyrenaica,none,20.18333333,32.2,,,,,2,Farm,,Abandonment: before 999 Construction: before 999 Discovery: AD 1930 - 1930,"Brun 2004, 87; AR 47 (2000-01), 34.",,2,https://oxrep.classics.ox.ac.uk/databases/olive_oil_and_wine_presses_database/records/368/,True,unspecified,,"oil (regional presumption, NOT in source)",False,,
369,Libya,Al Bayda,Creta et Cyrenaica,Kaf el Kebir,21.7663,32.7491,,,,,2,Farm,,Abandonment: before 999 Construction: before 999,"Brun 2004, 87",,2,https://oxrep.classics.ox.ac.uk/databases/olive_oil_and_wine_presses_database/records/369/,True,unspecified,lat/lon swapped in source; corrected here,"oil (regional presumption, NOT in source)",False,,
370,Libya,Lamluda,Creta et Cyrenaica,none,22.16666667,32.7833333,,,,,2,Farm,,Abandonment: before 999 Construction: before 999,,,2,https://oxrep.classics.ox.ac.uk/databases/olive_oil_and_wine_presses_database/records/370/,True,unspecified,,"oil (regional presumption, NOT in source)",False,,
357,Morocco,Cotta,Mauretania Tingitana,none,-5.93888888,35.76,,,,,2,Farm,,Abandonment: before 999 Construction: before 999,"Ponsich 1970, 276; Eleftherotypia 19.10.2004; To Vima 19.10.2004; To Vima 23.3.2005; AR 51 (2004-05), 91; D. Sakellariou et al, IJNA 36 (2007), 365-381; http://64.233.183.104/search?q=cache:dgYqWhtuqHUJ:www.hcmr.gr/english_site/news/latest/hot_topics/show_hot.php%3Fid%3D5+%22kythnos+1%22&hl=en&gl=uk&ct=clnk&cd=1; http://www.ekathimerini.com/4dcgi/news/content.asp?aid=57996",,2,https://oxrep.classics.ox.ac.uk/databases/olive_oil_and_wine_presses_database/records/357/,True,unspecified,,"oil (regional presumption, NOT in source)",False,,
358,Morocco,Volubilis,Mauretania Tingitana,Maison aux deux pressoirs,-5.55694444,34.0738888,,,,,2,House,,Abandonment: before 999 Construction: before 999,"Akkeraz - Lenoir 1982, 86; G. Touchais, BCH 110 (1986), 734; D. Kazianes et al., IJNA 19 (1990), 225-8; Parker (1992), 1075.",,2,https://oxrep.classics.ox.ac.uk/databases/olive_oil_and_wine_presses_database/records/358/,True,unspecified,,"oil (regional presumption, NOT in source)",False,,
359,Morocco,Volubilis,Mauretania Tingitana,Palais de Gordien,-5.55694444,34.0738888,,,,,2,House,,Abandonment: before 999 Construction: before 999,"Akkeraz - Lenoir 1982, 86; ADelt B Chron 53 (1998), 1026; AR 51 (2004-05), 91.",,2,https://oxrep.classics.ox.ac.uk/databases/olive_oil_and_wine_presses_database/records/359/,True,unspecified,,"oil (regional presumption, NOT in source)",False,,
360,Morocco,Volubilis,Mauretania Tingitana,Maison d'Orphee,-5.55694444,34.0738888,,,,,2,House,,Abandonment: before 999 Construction: before 999,"Akkeraz - Lenoir 1982, 86; Eleutherotypia 4.12.1991; AR 37 (1990- 91), 64.",,2,https://oxrep.classics.ox.ac.uk/databases/olive_oil_and_wine_presses_database/records/360/,True,unspecified,,"oil (regional presumption, NOT in source)",False,,
361,Morocco,Volubilis,Mauretania Tingitana,none,-5.55694444,34.0738888,,,,,2,House,,Abandonment: before 999 Construction: before 999,"Akkeraz - Lenoir 1982, 86",,2,https://oxrep.classics.ox.ac.uk/databases/olive_oil_and_wine_presses_database/records/361/,True,unspecified,,"oil (regional presumption, NOT in source)",False,,
362,Morocco,Volubilis,Mauretania Tingitana,Maison aux Colonnes,-5.55694444,34.0738888,,,,,2,House,,Abandonment: before 999 Construction: before 999,"Akkeraz - Lenoir 1982, 86; G. Papathanassopoulos, IJNA 9 (1980), 164-67; G. Papathanassopoulos and D. Schilardi IJNA 10 (1981), 140-1; Parker (1992), 792.",,2,https://oxrep.classics.ox.ac.uk/databases/olive_oil_and_wine_presses_database/records/362/,True,unspecified,,"oil (regional presumption, NOT in source)",False,,
437,Palestinian Territories,Hirbert Deir Sam'an,Iudaea,none,35.05138889,32.0677777,100.0,799.0,100.0,799.0,1,Farm,,Construction: AD 100 - 799 Abandonment: AD 100 - 799,"Brun 2004, 126-127",,1,https://oxrep.classics.ox.ac.uk/databases/olive_oil_and_wine_presses_database/records/437/,True,unspecified,,"oil (regional presumption, NOT in source)",True,0.0,1.0
436,Palestinian Territories,Azzun Atma,Iudaea,Khirbet-an-Najjar,35.009435,32.121666,,,,,2,Farm,,Abandonment: before 999 Construction: before 999,"Brun 2004, 126-127",,2,https://oxrep.classics.ox.ac.uk/databases/olive_oil_and_wine_presses_database/records/436/,True,unspecified,,"oil (regional presumption, NOT in source)",False,,
474,Palestinian Territories,Ras Abu Ma'aruf,Iudaea,none,35.24138889,31.825,,,,,4,Farm,,Abandonment: before 999 Construction: before 999,"Brun 2004, 131",,4,https://oxrep.classics.ox.ac.uk/databases/olive_oil_and_wine_presses_database/records/474/,True,unspecified,,"oil (regional presumption, NOT in source)",False,,
322,Portugal,Sao Cucufate,Lusitania,none,-5.93333333,43.4666666,,,,,2,Farm,,Abandonment: before 999 Construction: before 999,"Brun 2004, 288-290; A. Raban, Sefunim 3 (1969-71), fig. 3, Science Diving International (1973), 31.",Copper nails.,2,https://oxrep.classics.ox.ac.uk/databases/olive_oil_and_wine_presses_database/records/322/,True,unspecified,,unknown,False,,
471,Spain,Villalón,Hispania Baetica,Cortijo del Bramadero,-5.141972,37.715221,-100.0,399.0,-100.0,399.0,4,Farm,,Construction: 100 BC - 399 Abandonment: 100 BC - 399,"Ponsich 1979, 234",,4,https://oxrep.classics.ox.ac.uk/databases/olive_oil_and_wine_presses_database/records/471/,True,unspecified,,"oil (regional presumption, NOT in source)",True,0.0,1.0
461,Spain,El Viso del Alcor,Hispania Baetica,Huerta de la Fabiana,-5.708504,37.395966,,,,399.0,2,Farm,,Construction: before 999 Abandonment: AD 9999 - 399,"Ponsich 1974, 241",,2,https://oxrep.classics.ox.ac.uk/databases/olive_oil_and_wine_presses_database/records/461/,True,unspecified,,"oil (regional presumption, NOT in source)",True,1.0,1.0
469,Spain,Fuente Palmera,Hispania Baetica,Finca Marta,-5.081453,37.67008,,,,,2,Farm,,Abandonment: before 999 Construction: before 999,"Ponsich 1979, 221",,2,https://oxrep.classics.ox.ac.uk/databases/olive_oil_and_wine_presses_database/records/469/,True,unspecified,,"oil (regional presumption, NOT in source)",False,,
470,Spain,Fuente Palmera,Hispania Baetica,Santa Magdalena,-5.095334,37.714663,,,,,2,Farm,,Abandonment: before 999 Construction: before 999,"Ponsich 1979, 223",,2,https://oxrep.classics.ox.ac.uk/databases/olive_oil_and_wine_presses_database/records/470/,True,unspecified,,"oil (regional presumption, NOT in source)",False,,
467,Spain,Posadas,Hispania Baetica,Casa de Guarda,-5.166364,37.781793,,,,399.0,2,Farm,,Construction: before 999 Abandonment: AD 9999 - 399,"Ponsich 1979, 163",,2,https://oxrep.classics.ox.ac.uk/databases/olive_oil_and_wine_presses_database/records/467/,True,unspecified,,"oil (regional presumption, NOT in source)",True,1.0,1.0
466,Spain,Haza de Los Laticos,Hispania Baetica,none,-5.13194444,37.7916666,,,,399.0,3,Farm,,Construction: before 999 Abandonment: AD 9999 - 399,"Ponsich 1979, 160",,3,https://oxrep.classics.ox.ac.uk/databases/olive_oil_and_wine_presses_database/records/466/,True,unspecified,,"oil (regional presumption, NOT in source)",True,1.0,1.0
463,Spain,La Moncloa,Hispania Baetica,none,-5.29666666,37.5325,1.0,799.0,1.0,799.0,2,Farm,,Construction: AD 1 - 799 Abandonment: AD 1 - 799,"Ponsich 1979, 54",,2,https://oxrep.classics.ox.ac.uk/databases/olive_oil_and_wine_presses_database/records/463/,True,unspecified,,"oil (regional presumption, NOT in source)",True,0.0,1.0
465,Spain,Hornachuelos,Hispania Baetica,Cortijo de Monte Alto,-5.270844,37.78357,,,,,2,Farm,,Abandonment: before 999 Construction: before 999,"Ponsich 1970, 133",,2,https://oxrep.classics.ox.ac.uk/databases/olive_oil_and_wine_presses_database/records/465/,True,unspecified,,"oil (regional presumption, NOT in source)",False,,
464,Spain,Palma del Rio,Hispania Baetica,Cortijo del Remolino,-5.233596,37.72297,,,,,2,Farm,,Abandonment: before 999 Construction: before 999,,,2,https://oxrep.classics.ox.ac.uk/databases/olive_oil_and_wine_presses_database/records/464/,True,unspecified,,"oil (regional presumption, NOT in source)",False,,
468,Spain,Aldea Quintana,Hispania Baetica,Torre de Don Lucas,-4.86592,37.697792,,,,399.0,2,Farm,,Construction: before 999 Abandonment: AD 9999 - 399,"Ponsich 1979, 219",,2,https://oxrep.classics.ox.ac.uk/databases/olive_oil_and_wine_presses_database/records/468/,True,unspecified,,"oil (regional presumption, NOT in source)",True,1.0,1.0
462,Spain,Torrepalma,Hispania Baetica,Huerta de la Torrecilla,-5.823035,37.392653,1.0,399.0,1.0,399.0,2,Farm,,Construction: AD 1 - 399 Abandonment: AD 1 - 399,"Ponsich 1974, 273",,2,https://oxrep.classics.ox.ac.uk/databases/olive_oil_and_wine_presses_database/records/462/,True,unspecified,,"oil (regional presumption, NOT in source)",True,0.0,1.0
460,Spain,Burguillos,Hispania Baetica,Torreon,-5.950816,37.585734,1.0,499.0,1.0,499.0,2,Farm,,Construction: AD 1 - 499 Abandonment: AD 1 - 499,"Ponsich 1974, 90",,2,https://oxrep.classics.ox.ac.uk/databases/olive_oil_and_wine_presses_database/records/460/,True,unspecified,,"oil (regional presumption, NOT in source)",True,0.0,1.0
320,Spain,Falces,Hispania Tarraconensis,Villa de Los Villares,-1.8,42.3833333,,,,,3,Farm,,Abandonment: before 999 Construction: before 999,"Brun 2004, 277; A. Raban, Centre for Maritime Studies, Report 6 (1981), Centre for Maritime Studies, Report 10, (1984), Results of Caesarea Ancient Harbour Project Vol. I (1989), 184-98; Parker (1992), 1115.","Hull of a heavy framed ship, 40-45m long, 9m wide. Shell-first construction of pine with poplar and oak tenons. A unique feature of this ship lies in the use of bolts inserted through the planking and frames from the outside. Pieces of lead sheathing. Numerous iron nails.",3,https://oxrep.classics.ox.ac.uk/databases/olive_oil_and_wine_presses_database/records/320/,True,unspecified,,unknown,False,,
318,Spain,Jumilla,Hispania Tarraconensis,Villa de La Alberca de Lo Roman,-1.13333333,37.9833333,,,,,2,Farm,,Abandonment: before 999 Construction: before 999,"Brun 2004, 274; International Numismatic Newsletter, 1995, 25.",Presumably timbers as the coins were said to be discovered in the wreck of an Egyptian ship.,2,https://oxrep.classics.ox.ac.uk/databases/olive_oil_and_wine_presses_database/records/318/,True,unspecified,,unknown,False,,
321,Spain,Las Eras de S. Martin,Hispania Tarraconensis,Alfaro,-1.74916666,42.1783333,,,,,2,Farm,,Abandonment: before 999 Construction: before 999,"Brun 2004, 277; www.abyssoblu.com",Hull remains.,2,https://oxrep.classics.ox.ac.uk/databases/olive_oil_and_wine_presses_database/records/321/,True,unspecified,,unknown,False,,
319,Spain,Cartagena,Hispania Tarraconensis,El Molinete,-0.985793,37.602889,,,,,2,Farm,,Abandonment: before 999 Construction: before 999,"Brun 2004, 274; D.M. Wardle, Diver 29.9 (1984), 24-5; A. Raban and E. Galili, IJNA 14 (1985), 353-5; Parker (1992), 689.",Copper nails.,2,https://oxrep.classics.ox.ac.uk/databases/olive_oil_and_wine_presses_database/records/319/,True,unspecified,,unknown,False,,
472,Spain,Vallmora,Hispania Tarraconensis,Teia,2.3125,41.4911111,-100.0,399.0,-100.0,399.0,6,Farm,,Construction: 100 BC - 399 Abandonment: 100 BC - 399,Oliveras - Colomer 2009,,6,https://oxrep.classics.ox.ac.uk/databases/olive_oil_and_wine_presses_database/records/472/,True,unspecified,,unknown,True,0.0,1.0
315,Spain,San Pol del Mar,Lusitania,El Morè,2.628852,41.611822,,,,,2,Farm,,Abandonment: before 999 Construction: before 999,"Brun 2004, 270-272; R. Marx, IJNA 3 (1974), 332; Parker (1992), 1083.",Timbers.,2,https://oxrep.classics.ox.ac.uk/databases/olive_oil_and_wine_presses_database/records/315/,True,unspecified,,unknown,False,,
439,Syria,Hirbert Dureijat,Iudaea,none,35.63333333,33.0166666,,,,,6,Farm,,Abandonment: before 999 Construction: before 999,"Brun 2004, 127; G. Roghi, Forma Maris Antiqui 2 (1959), 315-6; P. Desy, LAntiquité Classique 52 (1983), 188; Parker (1992), 1066.",,6,https://oxrep.classics.ox.ac.uk/databases/olive_oil_and_wine_presses_database/records/439/,True,unspecified,,"oil (regional presumption, NOT in source)",False,,
447,Tunisia,Agbia,Africa Proconsularis,none,9.25207514,36.4053049,300.0,700.0,300.0,700.0,2,Farm,,Construction: AD 300 - 700 Abandonment: AD 300 - 700,"De Vos 2001, 81",,2,https://oxrep.classics.ox.ac.uk/databases/olive_oil_and_wine_presses_database/records/447/,True,unspecified,,"oil (regional presumption, NOT in source)",True,0.0,0.0
488,Tunisia,Ain Hammam,Africa Proconsularis,none,9.14187892,36.4005967,,,,,5,Farm,,Abandonment: before 999 Construction: before 999,"De Vos 2001, 83",,5,https://oxrep.classics.ox.ac.uk/databases/olive_oil_and_wine_presses_database/records/488/,True,unspecified,,"oil (regional presumption, NOT in source)",False,,
489,Tunisia,Ain Hammam,Africa Proconsularis,none,9.15785502,36.3959791,,,,,3,Farm,,Abandonment: before 999 Construction: before 999,"De Vos 2001, 83",,3,https://oxrep.classics.ox.ac.uk/databases/olive_oil_and_wine_presses_database/records/489/,True,unspecified,,"oil (regional presumption, NOT in source)",False,,
483,Tunisia,Ain Wassel,Africa Proconsularis,none,9.11558114,36.4612822,-200.0,-40.0,530.0,690.0,8,Farm,,Construction: 200 - 40 BC Abandonment: AD 530 - 690,"De Vos 2001, 81",,8,https://oxrep.classics.ox.ac.uk/databases/olive_oil_and_wine_presses_database/records/483/,True,unspecified,,"oil (regional presumption, NOT in source)",True,1.0,1.0
490,Tunisia,Ain Wassel,Africa Proconsularis,none,9.13739121,36.4610909,-200.0,-40.0,530.0,690.0,5,Farm,,Construction: 200 - 40 BC Abandonment: AD 530 - 690,"De Vos 2001, 81",,5,https://oxrep.classics.ox.ac.uk/databases/olive_oil_and_wine_presses_database/records/490/,True,unspecified,,"oil (regional presumption, NOT in source)",True,1.0,1.0
510,Tunisia,Aunobari,Africa Proconsularis,none,9.19716902,36.4013479,,,,,2,Farm,,Abandonment: before 999 Construction: before 999,"De Vos 2001, 82",,2,https://oxrep.classics.ox.ac.uk/databases/olive_oil_and_wine_presses_database/records/510/,True,unspecified,,"oil (regional presumption, NOT in source)",False,,
511,Tunisia,Aunobari,Africa Proconsularis,none,9.1935591,36.3980969,100.0,700.0,100.0,700.0,2,Farm,,Abandonment: AD 100 - 700 Construction: AD 100 - 700,"De Vos 2001, 82",,2,https://oxrep.classics.ox.ac.uk/databases/olive_oil_and_wine_presses_database/records/511/,True,unspecified,,"oil (regional presumption, NOT in source)",True,0.0,1.0
480,Tunisia,Djebel Gorra,Africa Proconsularis,none,9.10722982,36.4649542,,,,,2,Farm,,Abandonment: before 999 Construction: before 999,"De Vos 2001, 82; Press reports in G. Touchais, BCH 105 (1981), 805; Parker (1992), 604.",,2,https://oxrep.classics.ox.ac.uk/databases/olive_oil_and_wine_presses_database/records/480/,True,unspecified,,"oil (regional presumption, NOT in source)",False,,
481,Tunisia,Djebel Gorra,Africa Proconsularis,none,9.13556821,36.4647856,,,,,3,Farm,,Abandonment: before 999 Construction: before 999,"De Vos 2001, 81",,3,https://oxrep.classics.ox.ac.uk/databases/olive_oil_and_wine_presses_database/records/481/,True,unspecified,,"oil (regional presumption, NOT in source)",False,,
491,Tunisia,Djebel Gorra,Africa Proconsularis,De Vos 51,9.1708657,36.4669244,100.0,300.0,300.0,450.0,2,Farm,,Construction: AD 100 - 300 Abandonment: AD 300 - 450,"De Vos 2001, 81",,2,https://oxrep.classics.ox.ac.uk/databases/olive_oil_and_wine_presses_database/records/491/,True,unspecified,,"oil (regional presumption, NOT in source)",True,0.0,1.0
492,Tunisia,Djebel Gorra,Africa Proconsularis,none,9.18187571,36.4802508,,,,,5,Farm,,Abandonment: before 999 Construction: before 999,"De Vos 2001, 83",,5,https://oxrep.classics.ox.ac.uk/databases/olive_oil_and_wine_presses_database/records/492/,True,unspecified,,"oil (regional presumption, NOT in source)",False,,
493,Tunisia,Djebel Gorra,Africa Proconsularis,none,9.18268804,36.4754574,,,,,2,Farm,,Abandonment: before 999 Construction: before 999,"De Vos 2001, 83",,2,https://oxrep.classics.ox.ac.uk/databases/olive_oil_and_wine_presses_database/records/493/,True,unspecified,,"oil (regional presumption, NOT in source)",False,,
410,Tunisia,Dougga,Africa Proconsularis,none,9.22,36.4236111,,,,,7,Farm,,Abandonment: before 999 Construction: before 999,"De Vos 2001, 83",,7,https://oxrep.classics.ox.ac.uk/databases/olive_oil_and_wine_presses_database/records/410/,True,unspecified,,"oil (regional presumption, NOT in source)",False,,
444,Tunisia,Dougga,Africa Proconsularis,none,9.22750169,36.4360123,100.0,700.0,100.0,700.0,2,Farm,,Construction: AD 100 - 700 Abandonment: AD 100 - 700,"De Vos 2001, 81",,2,https://oxrep.classics.ox.ac.uk/databases/olive_oil_and_wine_presses_database/records/444/,True,unspecified,,"oil (regional presumption, NOT in source)",True,0.0,1.0
445,Tunisia,Dougga,Africa Proconsularis,none,9.227908,36.431598,-200.0,-40.0,530.0,690.0,4,Farm,,Construction: 200 - 40 BC Abandonment: AD 530 - 690,"De Vos 2001, 81",,4,https://oxrep.classics.ox.ac.uk/databases/olive_oil_and_wine_presses_database/records/445/,True,unspecified,,"oil (regional presumption, NOT in source)",True,1.0,1.0
446,Tunisia,Dougga,Africa Proconsularis,none,9.23527707,36.4234619,300.0,440.0,300.0,440.0,3,Farm,,Construction: AD 300 - 440 Abandonment: AD 300 - 440,"De Vos 2001, 82",,3,https://oxrep.classics.ox.ac.uk/databases/olive_oil_and_wine_presses_database/records/446/,True,unspecified,,"oil (regional presumption, NOT in source)",True,0.0,0.0
479,Tunisia,Dougga,Africa Proconsularis,none,9.19267533,36.4250486,100.0,300.0,300.0,450.0,2,Farm,,Construction: AD 100 - 300 Abandonment: AD 300 - 450,"De Vos 2001, 82",,2,https://oxrep.classics.ox.ac.uk/databases/olive_oil_and_wine_presses_database/records/479/,True,unspecified,,"oil (regional presumption, NOT in source)",True,0.0,1.0
494,Tunisia,Dougga,Africa Proconsularis,none,9.19321538,36.4396792,-200.0,-40.0,530.0,690.0,3,Farm,,Construction: 200 - 40 BC Abandonment: AD 530 - 690,"De Vos 2001, 82",,3,https://oxrep.classics.ox.ac.uk/databases/olive_oil_and_wine_presses_database/records/494/,True,unspecified,,"oil (regional presumption, NOT in source)",True,1.0,1.0
495,Tunisia,Dougga,Africa Proconsularis,De Vos 2,9.170828,36.43998,-40.0,100.0,300.0,440.0,3,Farm,,Construction: 40 BC - 100 Abandonment: AD 300 - 440,"De Vos 2001, 81",,3,https://oxrep.classics.ox.ac.uk/databases/olive_oil_and_wine_presses_database/records/495/,True,unspecified,,"oil (regional presumption, NOT in source)",True,1.0,1.0
496,Tunisia,Dougga,Africa Proconsularis,none,9.19826599,36.4284603,-200.0,-40.0,300.0,440.0,2,Farm,,Construction: 200 - 40 BC Abandonment: AD 300 - 440,"De Vos 2001, 81",,2,https://oxrep.classics.ox.ac.uk/databases/olive_oil_and_wine_presses_database/records/496/,True,unspecified,,"oil (regional presumption, NOT in source)",True,1.0,1.0
497,Tunisia,Dougga,Africa Proconsularis,none,9.19067723,36.4201472,300.0,440.0,530.0,690.0,3,Farm,,Construction: AD 300 - 440 Abandonment: AD 530 - 690,"De Vos 2001, 82",,3,https://oxrep.classics.ox.ac.uk/databases/olive_oil_and_wine_presses_database/records/497/,True,unspecified,,"oil (regional presumption, NOT in source)",True,0.0,0.0
498,Tunisia,Dougga,Africa Proconsularis,none,9.21763,36.434004,300.0,440.0,530.0,690.0,3,Farm,,Construction: AD 300 - 440 Abandonment: AD 530 - 690,"De Vos 2001, 81",,3,https://oxrep.classics.ox.ac.uk/databases/olive_oil_and_wine_presses_database/records/498/,True,unspecified,,"oil (regional presumption, NOT in source)",True,0.0,0.0
507,Tunisia,Dougga,Africa Proconsularis,none,9.208521,36.440619,100.0,300.0,530.0,690.0,2,Farm,,Construction: AD 100 - 300 Abandonment: AD 530 - 690,"De Vos 2001, 81",,2,https://oxrep.classics.ox.ac.uk/databases/olive_oil_and_wine_presses_database/records/507/,True,unspecified,,"oil (regional presumption, NOT in source)",True,0.0,1.0
508,Tunisia,Dougga,Africa Proconsularis,none,9.203165,36.427206,100.0,300.0,300.0,440.0,2,Farm,,Construction: AD 100 - 300 Abandonment: AD 300 - 440,"De Vos 2001, 81",,2,https://oxrep.classics.ox.ac.uk/databases/olive_oil_and_wine_presses_database/records/508/,True,unspecified,,"oil (regional presumption, NOT in source)",True,0.0,1.0
509,Tunisia,Dougga,Africa Proconsularis,none,9.21970409,36.4019043,100.0,300.0,300.0,440.0,5,Farm,,Construction: AD 100 - 300 Abandonment: AD 300 - 440,"De Vos 2001, 81",,5,https://oxrep.classics.ox.ac.uk/databases/olive_oil_and_wine_presses_database/records/509/,True,unspecified,,"oil (regional presumption, NOT in source)",True,0.0,1.0
512,Tunisia,Dougga,Africa Proconsularis,none,9.18793949,36.3984556,100.0,300.0,530.0,690.0,2,Farm,,Construction: AD 100 - 300 Abandonment: AD 530 - 690,"De Vos 2001, 81",,2,https://oxrep.classics.ox.ac.uk/databases/olive_oil_and_wine_presses_database/records/512/,True,unspecified,,"oil (regional presumption, NOT in source)",True,0.0,1.0
371,Tunisia,Ben Gardane,Africa Proconsularis,Henchir Bou Garmin,11.302077,33.193102,,,,,2,Farm,,Abandonment: before 999 Construction: before 999,"Brun 2004, 197",,2,https://oxrep.classics.ox.ac.uk/databases/olive_oil_and_wine_presses_database/records/371/,True,unspecified,,"oil (regional presumption, NOT in source)",False,,
336,Tunisia,Cillium,Africa Proconsularis,Henchir Bou Sofa,8.764667,35.054183,,,,,6,Farm,,Abandonment: before 999 Construction: before 999,"Atlas Archéologique Tunisie, 47; A. Boninu, Archeologia Subacquea 3 (1986), 59; Parker (1992), 1034.",,6,https://oxrep.classics.ox.ac.uk/databases/olive_oil_and_wine_presses_database/records/336/,True,unspecified,,"oil (regional presumption, NOT in source)",False,,
337,Tunisia,Henchir Choud el-Battal,Africa Proconsularis,none,8.52361111,35.125,,,,,6,Farm,,Abandonment: before 999 Construction: before 999,"Brun 2004, 227; F. Benoit, Rivista di Studi Liguri 18 (1952),237-307; P. Gianfrotta, Mondo Archeologico 57 (1981), 27-31; Parker (1992), 1008.",,6,https://oxrep.classics.ox.ac.uk/databases/olive_oil_and_wine_presses_database/records/337/,True,unspecified,,"oil (regional presumption, NOT in source)",False,,
338,Tunisia,Henchir-el-Begar,Africa Proconsularis,Henchir el Begar,8.893052,35.449216,,,,,10,Farm,,Abandonment: before 999 Construction: before 999,"; ????? ???? 2, 152; AR 47 (2000-01), 122.",,10,https://oxrep.classics.ox.ac.uk/databases/olive_oil_and_wine_presses_database/records/338/,True,unspecified,,"oil (regional presumption, NOT in source)",False,,
339,Tunisia,Henchir el-Goussa,Africa Proconsularis,none,8.55,36.05,,,,,6,Farm,,Abandonment: before 999 Construction: before 999,"Brun 2004, 225; ADelt 49, 856; AR 46 (1999-2000), 122 (+ photos); www.ekathimerini.com/4dcgi/news/content.asp?aid=26065",,6,https://oxrep.classics.ox.ac.uk/databases/olive_oil_and_wine_presses_database/records/339/,True,unspecified,,"oil (regional presumption, NOT in source)",False,,
340,Tunisia,Henchir el-Kousset,Africa Proconsularis,none,8.65222222,35.1363888,,,,,6,Farm,,Abandonment: before 999 Construction: before 999,"Brun 2004, 227-229; D. Kazianis, ADelt B Chron 52 1997, 1201; AR 50 (2003-04), 72.",,6,https://oxrep.classics.ox.ac.uk/databases/olive_oil_and_wine_presses_database/records/340/,True,unspecified,,"oil (regional presumption, NOT in source)",False,,
341,Tunisia,Henchir et-Touil,Africa Proconsularis,KS 225,9.10777777,35.3213888,,,,,4,Farm,,Abandonment: before 999 Construction: before 999,"Brun 2004, 226-227; ADelt B Chron 52 (1997), 1188; AR 50 (2003-04), 72.",,4,https://oxrep.classics.ox.ac.uk/databases/olive_oil_and_wine_presses_database/records/341/,True,unspecified,,"oil (regional presumption, NOT in source)",False,,
342,Tunisia,Henchir et-Touil,Africa Proconsularis,KS 223,,,,,,,4,Farm,,Abandonment: before 999 Construction: before 999,"; Eleftheros Typos 16.5.2003; AR 50 (2003-04), 72; www.ekathimerini.com/4dcgi/news/content.asp?aid=26065 (2003)",,4,https://oxrep.classics.ox.ac.uk/databases/olive_oil_and_wine_presses_database/records/342/,True,unspecified,"0,0 in source = no coordinates","oil (regional presumption, NOT in source)",False,,
344,Tunisia,Ksar el-Guelal,Africa Proconsularis,KS 031,9.07416666,35.2386111,,,,,18,Farm,,Abandonment: before 999 Construction: before 999,"Hitchner - Mattingly 1993Brun 2004, 226; AR 49 (2002-03), 78; www.ekathimerini.com/4dcgi/news/content.asp?aid=26065 (2003)",,18,https://oxrep.classics.ox.ac.uk/databases/olive_oil_and_wine_presses_database/records/344/,True,unspecified,,"oil (regional presumption, NOT in source)",False,,
440,Tunisia,Maatria,Africa Proconsularis,none,9.26115446,36.5092775,,,,,7,Farm,,Abandonment: before 999 Construction: before 999,"De Vos 2001, 83",,7,https://oxrep.classics.ox.ac.uk/databases/olive_oil_and_wine_presses_database/records/440/,True,unspecified,,"oil (regional presumption, NOT in source)",False,,
441,Tunisia,Maatria,Africa Proconsularis,none,9.26005076,36.50032,,,,,2,Farm,,Abandonment: before 999 Construction: before 999,"De Vos 2001, 83",,2,https://oxrep.classics.ox.ac.uk/databases/olive_oil_and_wine_presses_database/records/441/,True,unspecified,,"oil (regional presumption, NOT in source)",False,,
442,Tunisia,Maatria,Africa Proconsularis,none,9.26634793,36.5003663,,,,,3,Farm,,Abandonment: before 999 Construction: before 999,"De Vos 2001, 83",,3,https://oxrep.classics.ox.ac.uk/databases/olive_oil_and_wine_presses_database/records/442/,True,unspecified,,"oil (regional presumption, NOT in source)",False,,
501,Tunisia,Maatria,Africa Proconsularis,none,9.25423772,36.5115557,,,,,3,Farm,,Abandonment: before 999 Construction: before 999,"De Vos 2001, 83",,3,https://oxrep.classics.ox.ac.uk/databases/olive_oil_and_wine_presses_database/records/501/,True,unspecified,,"oil (regional presumption, NOT in source)",False,,
502,Tunisia,Maatria,Africa Proconsularis,none,9.23963326,36.4946028,,,,,3,Farm,,Abandonment: before 999 Construction: before 999,"De Vos 2001, 83",,3,https://oxrep.classics.ox.ac.uk/databases/olive_oil_and_wine_presses_database/records/502/,True,unspecified,,"oil (regional presumption, NOT in source)",False,,
503,Tunisia,Maatria,Africa Proconsularis,none,9.22414942,36.4886695,,,,,2,Farm,,Abandonment: before 999 Construction: before 999,"De Vos 2001, 83",,2,https://oxrep.classics.ox.ac.uk/databases/olive_oil_and_wine_presses_database/records/503/,True,unspecified,,"oil (regional presumption, NOT in source)",False,,
504,Tunisia,Maatria,Africa Proconsularis,none,9.23198663,36.4858598,,,,,2,Farm,,Abandonment: before 999 Construction: before 999,"De Vos 2001, 83",,2,https://oxrep.classics.ox.ac.uk/databases/olive_oil_and_wine_presses_database/records/504/,True,unspecified,,"oil (regional presumption, NOT in source)",False,,
505,Tunisia,Maatria,Africa Proconsularis,none,9.22621607,36.4841078,,,,,2,Farm,,Abandonment: before 999 Construction: before 999,"De Vos 2001, 83",,2,https://oxrep.classics.ox.ac.uk/databases/olive_oil_and_wine_presses_database/records/505/,True,unspecified,,"oil (regional presumption, NOT in source)",False,,
506,Tunisia,Maatria,Africa Proconsularis,none,9.22279633,36.4841521,,,,,2,Farm,,Abandonment: before 999 Construction: before 999,"De Vos 2001, 83",,2,https://oxrep.classics.ox.ac.uk/databases/olive_oil_and_wine_presses_database/records/506/,True,unspecified,,"oil (regional presumption, NOT in source)",False,,
484,Tunisia,Oued Arkou,Africa Proconsularis,none,9.1486579,36.4307499,100.0,300.0,300.0,440.0,3,Farm,,Construction: AD 100 - 300 Abandonment: AD 300 - 440,"De Vos 2001, 82",,3,https://oxrep.classics.ox.ac.uk/databases/olive_oil_and_wine_presses_database/records/484/,True,unspecified,,"oil (regional presumption, NOT in source)",True,0.0,1.0
485,Tunisia,Oued Arkou,Africa Proconsularis,none,9.13210004,36.4329255,300.0,450.0,300.0,450.0,2,Farm,,Abandonment: AD 300 - 450 Construction: AD 300 - 450,"De Vos 2001, 82",,2,https://oxrep.classics.ox.ac.uk/databases/olive_oil_and_wine_presses_database/records/485/,True,unspecified,,"oil (regional presumption, NOT in source)",True,0.0,0.0
486,Tunisia,Oued Arkou,Africa Proconsularis,none,9.14154918,36.4133715,,,,,5,Farm,,Abandonment: before 999 Construction: before 999,"De Vos 2001, 83",,5,https://oxrep.classics.ox.ac.uk/databases/olive_oil_and_wine_presses_database/records/486/,True,unspecified,,"oil (regional presumption, NOT in source)",False,,
487,Tunisia,Oued Arkou,Africa Proconsularis,none,9.1471877,36.4115989,,,,,2,Farm,,Abandonment: before 999 Construction: before 999,"De Vos 2001, 83",,2,https://oxrep.classics.ox.ac.uk/databases/olive_oil_and_wine_presses_database/records/487/,True,unspecified,,"oil (regional presumption, NOT in source)",False,,
499,Tunisia,Oued El Guetoussia,Africa Proconsularis,none,9.186056,36.408379,300.0,440.0,530.0,690.0,2,Farm,,Construction: AD 300 - 440 Abandonment: AD 530 - 690,"De Vos 2001, 82",,2,https://oxrep.classics.ox.ac.uk/databases/olive_oil_and_wine_presses_database/records/499/,True,unspecified,,"oil (regional presumption, NOT in source)",True,0.0,0.0
500,Tunisia,Oued El Guetoussia,Africa Proconsularis,none,9.190129,36.403706,100.0,300.0,530.0,690.0,8,Farm,,Construction: AD 100 - 300 Abandonment: AD 530 - 690,"De Vos 2001, 82",,8,https://oxrep.classics.ox.ac.uk/databases/olive_oil_and_wine_presses_database/records/500/,True,unspecified,,"oil (regional presumption, NOT in source)",True,0.0,1.0
482,Tunisia,Suttua,Africa Proconsularis,none,9.109037,36.449233,100.0,300.0,440.0,530.0,11,Farm,,Construction: AD 100 - 300 Abandonment: AD 440 - 530,"De Vos 2001, 81",,11,https://oxrep.classics.ox.ac.uk/databases/olive_oil_and_wine_presses_database/records/482/,True,unspecified,,"oil (regional presumption, NOT in source)",True,0.0,1.0
347,Tunisia,Tamesmida,Africa Proconsularis,none,8.38333333,35.0833333,,,,,8,Farm,,Abandonment: before 999 Construction: before 999,"Brun 2004, 227",,8,https://oxrep.classics.ox.ac.uk/databases/olive_oil_and_wine_presses_database/records/347/,True,unspecified,,"oil (regional presumption, NOT in source)",False,,
443,Tunisia,Teboursouk,Africa Proconsularis,none,9.25413392,36.4755143,,,,,2,Farm,,Abandonment: before 999 Construction: before 999,"De Vos 2001, 83",,2,https://oxrep.classics.ox.ac.uk/databases/olive_oil_and_wine_presses_database/records/443/,True,unspecified,,"oil (regional presumption, NOT in source)",False,,
448,Tunisia,Teboursouk,Africa Proconsularis,none,9.258595,36.46397,,,,,3,Farm,,Abandonment: before 999 Construction: before 999,"De Vos 2001, 83",,3,https://oxrep.classics.ox.ac.uk/databases/olive_oil_and_wine_presses_database/records/448/,True,unspecified,,"oil (regional presumption, NOT in source)",False,,
449,Tunisia,Teboursouk,Africa Proconsularis,none,9.31270865,36.4695813,,,,,5,Farm,,Abandonment: before 999 Construction: before 999,"De Vos 2001, 83",,5,https://oxrep.classics.ox.ac.uk/databases/olive_oil_and_wine_presses_database/records/449/,True,unspecified,,"oil (regional presumption, NOT in source)",False,,
450,Tunisia,Teboursouk,Africa Proconsularis,none,9.34885571,36.4735427,,,,,3,Farm,,Abandonment: before 999 Construction: before 999,"De Vos 2001, 83",,3,https://oxrep.classics.ox.ac.uk/databases/olive_oil_and_wine_presses_database/records/450/,True,unspecified,,"oil (regional presumption, NOT in source)",False,,
478,Tunisia,Uchi Maius,Africa Proconsularis,none,9.08333333,36.3333333,400.0,700.0,400.0,700.0,11,Farm,,Construction: AD 400 - 700 Abandonment: AD 400 - 700,"De Vos 2001, 26Vismara 1997, 36-37",,11,https://oxrep.classics.ox.ac.uk/databases/olive_oil_and_wine_presses_database/records/478/,True,unspecified,,"oil (regional presumption, NOT in source)",True,0.0,0.0
432,Turkey,Akkale,Cilicia,none,29.14833333,37.8122222,,,,,2,Farm,,Abandonment: before 999 Construction: before 999,"Brun 2004, 95; Z. Brusiç, Otocki Ljetopis Cres-Losinj 3 (1980), 162 and 166; Parker (1992), 1085; M. Jurisic Ancient Shipwrecks of the Adriatic (2000), no.1.",,2,https://oxrep.classics.ox.ac.uk/databases/olive_oil_and_wine_presses_database/records/432/,True,unspecified,,unknown,False,,
434,Turkey,Pachna,Cyprus,Ayios Stephanos,32.79555556,34.7791666,,,,,2,Farm,,Abandonment: before 999 Construction: before 999,"Brun 2004, 98; B. Ilakovac, Diadora 4 (1968), 183-202; M. Orlic and M. Juriic, Obavijesti Hrvatska Arheoloka Drustva 18 no. 1 (1986), 43; J. Istenic, Diadora 10 (1988), 99-110; Parker (1992), 773; V. Gaffney et al., Projekt Jadranski otoci, Arheoloka batina otoka Hvara, Hrvatska (Oxford: BAR International Series 660, 1997), 109-110; M. Juriic, Ancient Shipwrecks of the Adriatic (2000), no.20.",Timber and nails.,2,https://oxrep.classics.ox.ac.uk/databases/olive_oil_and_wine_presses_database/records/434/,True,unspecified,,unknown,False,,
414,Ukraine,Chersonesos,Bosporan Kingdom,none,33.49333333,44.6116666,,,,,2,Farm,,Abandonment: before 999 Construction: before 999,"Savvonidi 1993; A. McCann and J. Oleson, Deep-Water Shipwrecks off Skerki Bank; the 1997 Survey (JRA Suppl.58) 2004, 40-90.","Probably a 28m hull, with a width of 8m, based on the heaps. Lead sheathing and fragments of wood.",2,https://oxrep.classics.ox.ac.uk/databases/olive_oil_and_wine_presses_database/records/414/,True,unspecified,,"wine (regional presumption, NOT in source)",False,,
415,Ukraine,Hermonassa,Bosporan Kingdom,H1,36.72305556,45.2161111,,,,,3,Farm,,Abandonment: before 999 Construction: before 999,"Savvonidi 1993; A. McCann and J. Oleson, Deep-Water Shipwrecks off Skerki Bank; the 1997 Survey (JRA Supp.58) 2004, 90-118",Probably a 20m hull with a 5m beam.,3,https://oxrep.classics.ox.ac.uk/databases/olive_oil_and_wine_presses_database/records/415/,True,unspecified,,"wine (regional presumption, NOT in source)",False,,
416,Ukraine,Hermonassa,Bosporan Kingdom,H2,36.72305556,45.2161111,,,,,3,Farm,,Abandonment: before 999 Construction: before 999,"; A. McCann and J. Oleson, Deep-Water Shipwrecks off Skerki Bank; the 1997 Survey (JRA Supp.58) 2004, 118-128.",Hull probably about 15m long.,3,https://oxrep.classics.ox.ac.uk/databases/olive_oil_and_wine_presses_database/records/416/,True,unspecified,,"wine (regional presumption, NOT in source)",False,,
417,Ukraine,Iluratum,Bosporan Kingdom,I 1,,,,,,,3,Farm,,Abandonment: before 999 Construction: before 999,"Savvonidi 1993; A. McCann and J. Oleson, Deep-Water Shipwrecks off Skerki Bank; the 1997 Survey (JRA Supp.58) 2004, 128-154.",Hull probably of 40m; pine planking,3,https://oxrep.classics.ox.ac.uk/databases/olive_oil_and_wine_presses_database/records/417/,True,unspecified,"invalid in source (63.3333333, 47.75); set to null","wine (regional presumption, NOT in source)",False,,
418,Ukraine,Mirmekion,Bosporan Kingdom,M1,36.51944444,45.3525,,,,,3,Farm,,Abandonment: before 999 Construction: before 999,Savvonidi 1993,,3,https://oxrep.classics.ox.ac.uk/databases/olive_oil_and_wine_presses_database/records/418/,True,unspecified,,"wine (regional presumption, NOT in source)",False,,
419,Ukraine,Mirmekion,Bosporan Kingdom,M2,36.51944444,45.3525,,,,,3,Farm,,Abandonment: before 999 Construction: before 999,"Savvonidi 1993; A. Parker and D. Squire, IJNA 3 (1974), 27-34; Parker (1992), 1143.",,3,https://oxrep.classics.ox.ac.uk/databases/olive_oil_and_wine_presses_database/records/419/,True,unspecified,,"wine (regional presumption, NOT in source)",False,,
420,Ukraine,Mirmekion,Bosporan Kingdom,M3,36.51944444,45.3525,,,,,3,Farm,,Abandonment: before 999 Construction: before 999,"Savvonidi 1993; G. Kapitän, Klio 39 (1961), 290-300; Atti del III Congresso Internazionale di Archeologia Sottomarina, Barcellona 1961, (1971), 296-309; Parker, IJNA 10 (1981), 317-20; (1992), 670.; http://www.archaeogate.org/subacquea/article.php?id=114.","None, but probably a length of 30m and breadth of 7-8m for a cargo of 200 tons.",3,https://oxrep.classics.ox.ac.uk/databases/olive_oil_and_wine_presses_database/records/420/,True,unspecified,,"wine (regional presumption, NOT in source)",False,,
421,Ukraine,Olbia (Crimea),Bosporan Kingdom,O1,31.9,46.6830555,,,,,3,Farm,,Abandonment: before 999 Construction: before 999,"Savvonidi 1993; P. Gianfrotta and P. Pomey, Archeologia Subacquea (1981), 219; G. Purpura, Archeologia Viva 2.5 (1983), 44-8; P. Pensabene in G. Fiorentini et al (eds.) Archeologia del Mediterraneo. Studii in Onore di Ernesto de Miro (2003), 533-543 ; http://www.archeogate.it/subacquea/article.php?id=77&offset=2",,3,https://oxrep.classics.ox.ac.uk/databases/olive_oil_and_wine_presses_database/records/421/,True,unspecified,,"wine (regional presumption, NOT in source)",False,,
422,Ukraine,Olbia (Crimea),Bosporan Kingdom,O4,31.9,46.6830555,,,,,2,Farm,,Abandonment: before 999 Construction: before 999,"; B. Basile, IJNA 17 (1988), 133-42; Parker (1992), 443.","Bronze and copper nails of different sizes, all with a round head and square section shank, some of them severely twisted. The ship probably hit the bottom quite hard, as one of the columns is also broken in two pieces.",2,https://oxrep.classics.ox.ac.uk/databases/olive_oil_and_wine_presses_database/records/422/,True,unspecified,,"wine (regional presumption, NOT in source)",False,,
423,Ukraine,Patraesis,Bosporan Kingdom,Pt 1,,,,,,,3,Farm,,Abandonment: before 999 Construction: before 999,"Savvonidi 1993; G. Kapitän, Klio 39 (1961), 282-8; Parker (1992), 522.","Piece of lead sheathing. Supposed length between 40 and 48m, with a minimum breadth for the hold of 10-11m and a cargo of 350 tons.",3,https://oxrep.classics.ox.ac.uk/databases/olive_oil_and_wine_presses_database/records/423/,True,unspecified,"0,0 in source = no coordinates","wine (regional presumption, NOT in source)",False,,
424,Ukraine,Patraesis,Bosporan Kingdom,Pt 2,,,,,,,5,Farm,,Abandonment: before 999 Construction: before 999,"; G. Kapitän, Atti del III Congresso Internazione di Archeologia Sottomarina 1961, (1971), 296-309; F. van Doorninck, in G. Bass (ed.) A History of Seafaring based on Underwater Archaeology (1972), 138; Parker, (1992), 256.",Copper bolt with a square plate only part of the ship to survive.,5,https://oxrep.classics.ox.ac.uk/databases/olive_oil_and_wine_presses_database/records/424/,True,unspecified,"0,0 in source = no coordinates","wine (regional presumption, NOT in source)",False,,
425,Ukraine,Phanagoria,Bosporan Kingdom,Ph2,36.825,45.1888888,,,,,3,Farm,,Abandonment: before 999 Construction: before 999,"Savvonidi 1993; G. Purpura, Atti IV rassegna di Archeologia subacqueo (1991), 137 ; Parker (1992), 232.",,3,https://oxrep.classics.ox.ac.uk/databases/olive_oil_and_wine_presses_database/records/425/,True,unspecified,,"wine (regional presumption, NOT in source)",False,,
426,Ukraine,Piatikolodeznoe,Bosporan Kingdom,none,,,,,,,3,Farm,,Abandonment: before 999 Construction: before 999,"; G. Roghi, in J. du Plat Taylor (ed.), Marine Archaeology (1965), 103-18; N. Lamboglia, Rivista di Studi Liguri 30 (1964), 258-66; S. Picozzi, Subacqueo 5 (1977), 78-80; P. Gianfrotta and P. Pomey, Archeologia Subacquea (1981), 141 and 339; F. Pallarés, Forma Maris Antiqui 11-12 (1983), 221-4; Parker (1992), 1108.",Hull at least 30m long although in poor condition; copper sheathing crumpled from impact; very fine construction.,3,https://oxrep.classics.ox.ac.uk/databases/olive_oil_and_wine_presses_database/records/426/,True,unspecified,"0,0 in source = no coordinates","wine (regional presumption, NOT in source)",False,,
427,Ukraine,Tenirgora,Bosporan Kingdom,none,35.37916667,45.0488888,,,,,2,Farm,,Abandonment: before 999 Construction: before 999,"Savvonidi 1993; A. Tchernia, Gallia 27 (1969), 469-70; J.-P. Joncheray, Cahiers dArchéologie Subaquatique 1 (1972), (1973), (1974) ; A. Hesnard et al., Méthodes Classiques et Méthodes Formelles dans lEtude des Amphores (1977), 186 and 293 ; C Panella, BCH Supp. 12 (1986), 618, note 13 ; J. Leuthner and E. Stender, Cahiers dArchéologie Subaquatique 8 (1989), 85-9 ; Parker (1992), 374.",,2,https://oxrep.classics.ox.ac.uk/databases/olive_oil_and_wine_presses_database/records/427/,True,unspecified,,"wine (regional presumption, NOT in source)",False,,
428,Ukraine,Tyritake,Bosporan Kingdom,T2,36.41722222,45.2363888,,,,,2,Farm,,Abandonment: before 999 Construction: before 999,"Savvonidi 1993; F. Benoit, Gallia 16 (1958), 37; Gallia 20 (1962), 169; J.-P. Joncheray, Cahiers dArchéologie Subaquatique 1 (1972), 25 and 33; P. Pomey et al., Gallia Informations 1 (1989), 30; Parker (1992), 76.F.",,2,https://oxrep.classics.ox.ac.uk/databases/olive_oil_and_wine_presses_database/records/428/,True,unspecified,,"wine (regional presumption, NOT in source)",False,,
429,Ukraine,Tyritake,Bosporan Kingdom,T4,36.41722222,45.2363888,,,,,3,Farm,,Abandonment: before 999 Construction: before 999,"Savvonidi 1993; F. Benoit, Gallia 16 (1958), 37; Gallia 20 (1962), 169; J.-P. Joncheray, Cahiers dArchéologie Subaquatique 1 (1972), 25 and 33; P. Pomey et al., Gallia Informations 1 (1989), 30; Parker (1992), 76.",,3,https://oxrep.classics.ox.ac.uk/databases/olive_oil_and_wine_presses_database/records/429/,True,unspecified,,"wine (regional presumption, NOT in source)",False,,
430,Ukraine,Tyritake,Bosporan Kingdom,T3,36.41722222,45.2363888,,,,,2,Farm,,Abandonment: before 999 Construction: before 999,"Savvonidi 1993; D. Vrsalovic, Istraivanja i Zatita Podmorkih Arheoloskih Spomenika u S.R. Hrvatskoj (1974), 53 and 240; M. Juriic, Ancient Shipwrecks of the Adriatic (2000), no. 35.",,2,https://oxrep.classics.ox.ac.uk/databases/olive_oil_and_wine_presses_database/records/430/,True,unspecified,,"wine (regional presumption, NOT in source)",False,,
431,Ukraine,Tyritake,Bosporan Kingdom,T7,36.41722222,45.2363888,,,,,5,Farm,,Abandonment: before 999 Construction: before 999,Savvonidi 1993,,5,https://oxrep.classics.ox.ac.uk/databases/olive_oil_and_wine_presses_database/records/431/,True,unspecified,,"wine (regional presumption, NOT in source)",False,,
