rank,factory,aggregate_vat_capacity_m3,latitude,longitude,geocode_method,matched_motz_workshop,source
1,Troia I/II,606,38.4844304,-8.8816468,Motz site centroid,,"Wilson 2007 OXREP working paper Fig. 6, digitised from vector bar chart (+/-1 m3)"
2,Douarnenez - Plomarc'h 2,467,48.09127,-4.31283,Motz workshop match,"Plomarc'h, Workshop 2","Wilson 2007 OXREP working paper Fig. 6, digitised from vector bar chart (+/-1 m3)"
3,Cotta,257,35.75513,-5.93596,Motz site centroid,,"Wilson 2007 OXREP working paper Fig. 6, digitised from vector bar chart (+/-1 m3)"
4,Douarnenez - Plomarc'h 1,195,48.0914,-4.31308,Motz workshop match,"Plomarc'h, Workshop 1","Wilson 2007 OXREP working paper Fig. 6, digitised from vector bar chart (+/-1 m3)"
5,Troia 1A,168,38.4844304,-8.8816468,Motz site centroid,,"Wilson 2007 OXREP working paper Fig. 6, digitised from vector bar chart (+/-1 m3)"
6,Troia 1C,157,38.4844304,-8.8816468,Motz site centroid,,"Wilson 2007 OXREP working paper Fig. 6, digitised from vector bar chart (+/-1 m3)"
7,Iulia Traducta 1,150,36.12530666666667,-5.444326666666666,Motz site centroid,,"Wilson 2007 OXREP working paper Fig. 6, digitised from vector bar chart (+/-1 m3)"
8,Douarnenez - Le Ris,138,48.092200000000005,-4.296860000000001,Motz workshop match,"Le Ris, Workshop 1; Le Ris, Workshop 2","Wilson 2007 OXREP working paper Fig. 6, digitised from vector bar chart (+/-1 m3)"
9,Douarnenez - town 1,135,48.09231142857144,-4.314097142857143,Motz site centroid,,"Wilson 2007 OXREP working paper Fig. 6, digitised from vector bar chart (+/-1 m3)"
10,Troia II phase 2,132,38.4844304,-8.8816468,Motz site centroid,,"Wilson 2007 OXREP working paper Fig. 6, digitised from vector bar chart (+/-1 m3)"
11,Combrit - Kerobestin,126,47.86924,-4.11571,Motz site centroid,,"Wilson 2007 OXREP working paper Fig. 6, digitised from vector bar chart (+/-1 m3)"
12,Myrmekeion,117,45.35318,36.5215,Motz site centroid,,"Wilson 2007 OXREP working paper Fig. 6, digitised from vector bar chart (+/-1 m3)"
13,Torremuelle,112,36.57866,-4.57001,Motz workshop match,Torremuelle,"Wilson 2007 OXREP working paper Fig. 6, digitised from vector bar chart (+/-1 m3)"
14,Troia III,103,38.4844304,-8.8816468,Motz site centroid,,"Wilson 2007 OXREP working paper Fig. 6, digitised from vector bar chart (+/-1 m3)"
15,Kerlaz - Lanevry,99,48.10323,-4.28708,Motz site centroid,,"Wilson 2007 OXREP working paper Fig. 6, digitised from vector bar chart (+/-1 m3)"
16,Baelo Claudia VI,87,36.08849,-5.7751,Motz workshop match,Conjunto Industrial VI,"Wilson 2007 OXREP working paper Fig. 6, digitised from vector bar chart (+/-1 m3)"
17,Tahadart 4,85,35.57882,-5.98352,Motz workshop match,Workshop 4,"Wilson 2007 OXREP working paper Fig. 6, digitised from vector bar chart (+/-1 m3)"
18,Troia IB,81,38.4844304,-8.8816468,Motz site centroid,,"Wilson 2007 OXREP working paper Fig. 6, digitised from vector bar chart (+/-1 m3)"
19,Tahadart 1,79,35.57957,-5.98275,Motz workshop match,Workshop 1,"Wilson 2007 OXREP working paper Fig. 6, digitised from vector bar chart (+/-1 m3)"
20,Sania e Torres,79,35.727,-5.339,Motz site centroid,,"Wilson 2007 OXREP working paper Fig. 6, digitised from vector bar chart (+/-1 m3)"
21,Seville,72,37.39314,-5.9921,Motz site centroid,,"Wilson 2007 OXREP working paper Fig. 6, digitised from vector bar chart (+/-1 m3)"
22,Vigo,57,42.238555000000005,-8.72241,Motz site centroid,,"Wilson 2007 OXREP working paper Fig. 6, digitised from vector bar chart (+/-1 m3)"
23,Quinta do Lago,55,37.02546,-8.0058,Motz site centroid,,"Wilson 2007 OXREP working paper Fig. 6, digitised from vector bar chart (+/-1 m3)"
24,Quinta do Marim,55,37.03341,-7.81217,Motz site centroid,,"Wilson 2007 OXREP working paper Fig. 6, digitised from vector bar chart (+/-1 m3)"
25,Baelo Claudia I,54,36.0886,-5.77464,Motz workshop match,Conjunto Industrial I,"Wilson 2007 OXREP working paper Fig. 6, digitised from vector bar chart (+/-1 m3)"
26,Baelo Claudia V,49,36.0884,-5.77526,Motz workshop match,Conjunto Industrial V,"Wilson 2007 OXREP working paper Fig. 6, digitised from vector bar chart (+/-1 m3)"
27,Setubal,46,38.523894999999996,-8.891445000000001,Motz site centroid,,"Wilson 2007 OXREP working paper Fig. 6, digitised from vector bar chart (+/-1 m3)"
28,"Telgruc, Le Caon",45,48.21675,-4.3747,Motz site centroid,,"Wilson 2007 OXREP working paper Fig. 6, digitised from vector bar chart (+/-1 m3)"
29,Pesseguiro P16,42,37.83273,-8.79718,Motz workshop match,P16,"Wilson 2007 OXREP working paper Fig. 6, digitised from vector bar chart (+/-1 m3)"
30,Baelo Claudia IV,39,36.08848,-5.775,Motz workshop match,Conjunto Industrial IV,"Wilson 2007 OXREP working paper Fig. 6, digitised from vector bar chart (+/-1 m3)"
31,Creiro,37,38.48155,-8.97689,Motz site centroid,,"Wilson 2007 OXREP working paper Fig. 6, digitised from vector bar chart (+/-1 m3)"
32,Pesseguiro D14,36,37.83263,-8.7974,Motz workshop match,D14,"Wilson 2007 OXREP working paper Fig. 6, digitised from vector bar chart (+/-1 m3)"
33,Sines,34,37.954591666666666,-8.865738333333333,Motz site centroid,,"Wilson 2007 OXREP working paper Fig. 6, digitised from vector bar chart (+/-1 m3)"
34,Cerro da Vila J,30,37.08112,-8.11933,Motz workshop match,Area J,"Wilson 2007 OXREP working paper Fig. 6, digitised from vector bar chart (+/-1 m3)"
35,Lixus no. 3,28,35.196887999999994,-6.11128,Motz site centroid,,"Wilson 2007 OXREP working paper Fig. 6, digitised from vector bar chart (+/-1 m3)"
36,Baelo Claudia,22,36.088589999999996,-5.774843,Motz site centroid,,"Wilson 2007 OXREP working paper Fig. 6, digitised from vector bar chart (+/-1 m3)"
37,Torrox,19,36.727,-3.953,"Torrox-Costa (Caviclum), approx. town coordinate, manual",,"Wilson 2007 OXREP working paper Fig. 6, digitised from vector bar chart (+/-1 m3)"
38,Lanester,16,47.77416,-3.29058,Motz site centroid,,"Wilson 2007 OXREP working paper Fig. 6, digitised from vector bar chart (+/-1 m3)"
39,Baelo Claudia decumanus,13,36.088589999999996,-5.774843,Motz site centroid,,"Wilson 2007 OXREP working paper Fig. 6, digitised from vector bar chart (+/-1 m3)"
40,Almeria,13,36.83718,-2.46965,Motz site centroid,,"Wilson 2007 OXREP working paper Fig. 6, digitised from vector bar chart (+/-1 m3)"
41,Rosas,9,42.26619,3.17172,Motz site centroid,,"Wilson 2007 OXREP working paper Fig. 6, digitised from vector bar chart (+/-1 m3)"
42,Nieul sur Mer,9,46.21,-1.17,Motz site centroid,,"Wilson 2007 OXREP working paper Fig. 6, digitised from vector bar chart (+/-1 m3)"
43,Fuengirola,7,36.540890000000005,-4.620535,Motz site centroid,,"Wilson 2007 OXREP working paper Fig. 6, digitised from vector bar chart (+/-1 m3)"
44,Cerro da Vila H,4,37.08076,-8.119885,Motz site centroid,,"Wilson 2007 OXREP working paper Fig. 6, digitised from vector bar chart (+/-1 m3)"
45,Baelo Claudia no. 23,4,36.088589999999996,-5.774843,Motz site centroid,,"Wilson 2007 OXREP working paper Fig. 6, digitised from vector bar chart (+/-1 m3)"
46,Pouallon - Kerandraon,4,48.08,-4.41,"Poullan-sur-Mer area (Kerandraon), approx., manual",,"Wilson 2007 OXREP working paper Fig. 6, digitised from vector bar chart (+/-1 m3)"
47,Casais Velho,3,38.72644,-9.46424,Motz workshop match,Casais Velho,"Wilson 2007 OXREP working paper Fig. 6, digitised from vector bar chart (+/-1 m3)"
